LoanAmount,Loan_Amount_Term,Credit_History,TotalIncome,Gender_Female,Gender_Male,Married_No,Married_Yes,Dependents_0,Dependents_1,Dependents_2,Dependents_3+,Education_Graduate,Education_Not Graduate,Self_Employed_No,Self_Employed_Yes,Property_Area_Rural,Property_Area_Semiurban,Property_Area_Urban,Loan_ID,source,Loan_Status
113.0,360.0,1.0,5849.0,0,1,1,0,1,0,0,0,1,0,1,0,0,0,1,LP001002,train,Y
128.0,360.0,1.0,6091.0,0,1,0,1,0,1,0,0,1,0,1,0,1,0,0,LP001003,train,N
66.0,360.0,1.0,3000.0,0,1,0,1,1,0,0,0,1,0,0,1,0,0,1,LP001005,train,Y
120.0,360.0,1.0,4941.0,0,1,0,1,1,0,0,0,0,1,1,0,0,0,1,LP001006,train,Y
141.0,360.0,1.0,6000.0,0,1,1,0,1,0,0,0,1,0,1,0,0,0,1,LP001008,train,Y
267.0,360.0,1.0,9613.0,0,1,0,1,0,0,1,0,1,0,0,1,0,0,1,LP001011,train,Y
95.0,360.0,1.0,3849.0,0,1,0,1,1,0,0,0,0,1,1,0,0,0,1,LP001013,train,Y
158.0,360.0,0.0,5540.0,0,1,0,1,0,0,0,1,1,0,1,0,0,1,0,LP001014,train,N
168.0,360.0,1.0,5532.0,0,1,0,1,0,0,1,0,1,0,1,0,0,0,1,LP001018,train,Y
349.0,360.0,1.0,23809.0,0,1,0,1,0,1,0,0,1,0,1,0,0,1,0,LP001020,train,N
70.0,360.0,1.0,3900.0,0,1,0,1,0,0,1,0,1,0,1,0,0,0,1,LP001024,train,Y
109.0,360.0,1.0,4340.0,0,1,0,1,0,0,1,0,1,0,1,0,0,0,1,LP001027,train,Y
200.0,360.0,1.0,11179.0,0,1,0,1,0,0,1,0,1,0,1,0,0,0,1,LP001028,train,Y
114.0,360.0,1.0,4693.0,0,1,1,0,1,0,0,0,1,0,1,0,1,0,0,LP001029,train,N
17.0,120.0,1.0,2385.0,0,1,0,1,0,0,1,0,1,0,1,0,0,0,1,LP001030,train,Y
125.0,360.0,1.0,4950.0,0,1,1,0,1,0,0,0,1,0,1,0,0,0,1,LP001032,train,Y
100.0,240.0,1.0,3596.0,0,1,1,0,0,1,0,0,0,1,1,0,0,0,1,LP001034,train,Y
76.0,360.0,0.0,3510.0,1,0,1,0,1,0,0,0,1,0,1,0,0,0,1,LP001036,train,N
133.0,360.0,1.0,4887.0,0,1,0,1,1,0,0,0,0,1,1,0,1,0,0,LP001038,train,N
115.0,360.0,1.0,6100.0,0,1,0,1,1,0,0,0,1,0,1,0,0,0,1,LP001041,train,Y
104.0,360.0,0.0,7660.0,0,1,0,1,1,0,0,0,0,1,1,0,0,0,1,LP001043,train,N
315.0,360.0,1.0,11580.0,0,1,0,1,0,1,0,0,1,0,1,0,0,0,1,LP001046,train,Y
116.0,360.0,0.0,4511.0,0,1,0,1,1,0,0,0,0,1,1,0,0,1,0,LP001047,train,N
112.0,360.0,0.0,5282.0,0,1,0,1,0,0,1,0,0,1,1,0,1,0,0,LP001050,train,N
151.0,360.0,1.0,6642.0,0,1,0,1,0,1,0,0,1,0,1,0,0,1,0,LP001052,train,N
191.0,360.0,1.0,9560.0,0,1,0,1,1,0,0,0,1,0,0,1,0,1,0,LP001066,train,Y
122.0,360.0,1.0,5052.0,0,1,0,1,1,0,0,0,1,0,1,0,0,1,0,LP001068,train,Y
110.0,360.0,1.0,5266.0,0,1,0,1,0,0,1,0,0,1,1,0,0,0,1,LP001073,train,Y
35.0,360.0,1.0,1442.0,0,1,1,0,1,0,0,0,0,1,1,0,0,0,1,LP001086,train,N
120.0,360.0,1.0,5833.0,1,0,1,0,0,0,1,0,1,0,1,0,0,1,0,LP001087,train,Y
201.0,360.0,1.0,7535.0,0,1,0,1,0,1,0,0,1,0,1,0,0,0,1,LP001091,train,N
74.0,360.0,1.0,3167.0,0,1,1,0,1,0,0,0,1,0,1,0,0,0,1,LP001095,train,N
106.0,360.0,1.0,4692.0,0,1,1,0,0,1,0,0,1,0,0,1,1,0,0,LP001097,train,N
114.0,360.0,1.0,5167.0,0,1,0,1,1,0,0,0,1,0,1,0,0,1,0,LP001098,train,Y
320.0,360.0,1.0,15500.0,0,1,1,0,0,0,0,1,1,0,1,0,1,0,0,LP001100,train,N
132.0,360.0,1.0,4342.0,0,1,0,1,1,0,0,0,1,0,1,0,0,0,1,LP001106,train,Y
100.0,360.0,0.0,3158.0,0,1,0,1,1,0,0,0,1,0,1,0,0,0,1,LP001109,train,N
144.0,360.0,1.0,5126.0,1,0,0,1,1,0,0,0,1,0,1,0,0,1,0,LP001112,train,Y
184.0,360.0,1.0,11376.0,0,1,1,0,1,0,0,0,1,0,1,0,0,0,1,LP001114,train,Y
110.0,360.0,1.0,5416.0,0,1,1,0,1,0,0,0,0,1,1,0,0,1,0,LP001116,train,Y
80.0,360.0,1.0,3600.0,0,1,1,0,1,0,0,0,1,0,1,0,0,0,1,LP001119,train,N
47.0,360.0,1.0,3013.0,0,1,1,0,1,0,0,0,1,0,1,0,0,0,1,LP001120,train,Y
75.0,360.0,1.0,2400.0,0,1,0,1,1,0,0,0,1,0,1,0,0,0,1,LP001123,train,Y
134.0,360.0,1.0,6277.0,0,1,0,1,1,0,0,0,1,0,1,0,0,1,0,LP001131,train,Y
96.0,360.0,1.0,4695.0,0,1,0,1,1,0,0,0,0,1,0,1,0,0,1,LP001136,train,Y
88.0,360.0,1.0,3410.0,1,0,1,0,1,0,0,0,1,0,1,0,0,0,1,LP001137,train,Y
44.0,360.0,1.0,5649.0,0,1,0,1,0,1,0,0,1,0,1,0,0,0,1,LP001138,train,Y
144.0,360.0,1.0,5821.0,0,1,0,1,1,0,0,0,1,0,1,0,0,0,1,LP001144,train,Y
120.0,360.0,0.0,6085.0,1,0,0,1,1,0,0,0,1,0,1,0,0,0,1,LP001146,train,N
144.0,360.0,1.0,6275.0,1,0,1,0,1,0,0,0,1,0,1,0,0,1,0,LP001151,train,Y
100.0,360.0,1.0,3572.0,1,0,0,1,1,0,0,0,0,1,1,0,0,1,0,LP001155,train,Y
120.0,360.0,1.0,3086.0,1,0,1,0,1,0,0,0,1,0,1,0,0,1,0,LP001157,train,Y
112.0,360.0,1.0,4230.0,1,0,1,0,1,0,0,0,1,0,1,0,0,1,0,LP001164,train,N
134.0,360.0,1.0,4616.0,0,1,0,1,0,0,1,0,1,0,1,0,0,0,1,LP001179,train,N
286.0,360.0,0.0,11500.0,1,0,0,1,0,1,0,0,1,0,0,1,0,0,1,LP001186,train,N
97.0,360.0,1.0,3875.0,0,1,0,1,0,0,1,0,1,0,1,0,0,1,0,LP001194,train,Y
96.0,360.0,1.0,3723.0,0,1,0,1,1,0,0,0,1,0,1,0,0,1,0,LP001195,train,Y
135.0,360.0,1.0,5566.0,0,1,0,1,1,0,0,0,1,0,1,0,1,0,0,LP001197,train,N
180.0,360.0,1.0,10330.0,0,1,0,1,0,1,0,0,1,0,1,0,0,0,1,LP001198,train,Y
144.0,360.0,1.0,6216.0,0,1,0,1,0,0,1,0,0,1,1,0,0,0,1,LP001199,train,Y
120.0,360.0,1.0,6296.0,0,1,0,1,1,0,0,0,1,0,1,0,0,0,1,LP001205,train,Y
99.0,360.0,1.0,3029.0,0,1,0,1,0,0,0,1,1,0,1,0,0,0,1,LP001206,train,Y
165.0,180.0,0.0,6058.0,0,1,0,1,1,0,0,0,0,1,0,1,1,0,0,LP001207,train,N
146.0,360.0,0.0,4945.0,0,1,0,1,0,1,0,0,1,0,1,0,1,0,0,LP001213,train,N
116.0,360.0,0.0,4166.0,1,0,1,0,1,0,0,0,1,0,1,0,0,1,0,LP001222,train,N
258.0,360.0,1.0,10321.0,0,1,0,1,1,0,0,0,1,0,1,0,0,1,0,LP001225,train,N
126.0,180.0,0.0,5454.0,0,1,1,0,1,0,0,0,0,1,1,0,0,0,1,LP001228,train,N
312.0,360.0,1.0,10750.0,0,1,0,1,0,1,0,0,1,0,1,0,0,0,1,LP001233,train,Y
125.0,60.0,1.0,7100.0,0,1,0,1,0,0,0,1,0,1,0,1,0,0,1,LP001238,train,Y
136.0,360.0,0.0,4300.0,1,0,1,0,1,0,0,0,1,0,1,0,0,1,0,LP001241,train,N
172.0,360.0,1.0,6274.0,0,1,0,1,1,0,0,0,1,0,1,0,0,0,1,LP001243,train,Y
97.0,360.0,1.0,3750.0,0,1,0,1,0,0,1,0,0,1,0,1,0,1,0,LP001245,train,Y
81.0,300.0,1.0,3500.0,0,1,1,0,1,0,0,0,1,0,1,0,0,1,0,LP001248,train,Y
95.0,360.0,0.0,4755.0,0,1,0,1,0,0,0,1,0,1,1,0,0,1,0,LP001250,train,N
187.0,360.0,1.0,7040.0,0,1,0,1,0,0,0,1,1,0,0,1,0,1,0,LP001253,train,Y
113.0,480.0,1.0,3750.0,0,1,1,0,1,0,0,0,1,0,1,0,0,0,1,LP001255,train,N
176.0,360.0,1.0,8500.0,0,1,1,0,1,0,0,0,1,0,1,0,0,0,1,LP001256,train,N
110.0,360.0,1.0,4022.0,0,1,0,1,0,1,0,0,1,0,0,1,0,0,1,LP001259,train,N
180.0,300.0,0.0,7167.0,0,1,0,1,0,0,0,1,1,0,1,0,0,1,0,LP001263,train,N
130.0,360.0,1.0,5499.0,0,1,0,1,0,0,0,1,0,1,0,1,0,1,0,LP001264,train,Y
111.0,360.0,1.0,3846.0,1,0,1,0,1,0,0,0,1,0,1,0,0,1,0,LP001265,train,Y
160.0,360.0,1.0,2395.0,0,1,0,1,0,1,0,0,1,0,0,1,0,1,0,LP001266,train,Y
167.0,360.0,1.0,3259.0,1,0,0,1,0,0,1,0,1,0,1,0,0,0,1,LP001267,train,N
265.0,360.0,1.0,8250.0,0,1,0,1,1,0,0,0,1,0,1,0,0,1,0,LP001273,train,N
50.0,240.0,1.0,3988.0,0,1,0,1,0,1,0,0,1,0,1,0,0,0,1,LP001275,train,Y
136.0,360.0,1.0,4897.0,0,1,1,0,1,0,0,0,1,0,1,0,0,1,0,LP001279,train,Y
99.0,360.0,1.0,5333.0,0,1,0,1,0,0,1,0,0,1,1,0,0,1,0,LP001280,train,Y
104.0,360.0,1.0,4618.0,0,1,0,1,1,0,0,0,1,0,1,0,0,1,0,LP001282,train,Y
210.0,360.0,1.0,8566.0,0,1,1,0,1,0,0,0,1,0,1,0,0,0,1,LP001289,train,Y
175.0,360.0,1.0,9862.0,0,1,0,1,1,0,0,0,1,0,1,0,0,1,0,LP001310,train,Y
131.0,360.0,1.0,5858.0,0,1,0,1,1,0,0,0,1,0,1,0,0,1,0,LP001316,train,Y
188.0,180.0,1.0,11904.0,0,1,0,1,0,0,1,0,1,0,1,0,0,1,0,LP001318,train,Y
81.0,360.0,1.0,5093.0,0,1,0,1,0,0,1,0,0,1,1,0,0,0,1,LP001319,train,Y
122.0,360.0,1.0,4133.0,0,1,1,0,1,0,0,0,1,0,1,0,0,1,0,LP001322,train,Y
25.0,120.0,1.0,3620.0,0,1,1,0,1,0,0,0,0,1,1,0,0,1,0,LP001325,train,Y
113.0,360.0,1.0,6782.0,0,1,1,0,1,0,0,0,1,0,1,0,0,0,1,LP001326,train,N
137.0,360.0,1.0,4786.0,1,0,0,1,1,0,0,0,1,0,1,0,0,1,0,LP001327,train,Y
50.0,360.0,1.0,2974.0,0,1,0,1,1,0,0,0,1,0,1,0,0,1,0,LP001333,train,Y
115.0,180.0,1.0,4188.0,0,1,0,1,1,0,0,0,0,1,1,0,0,1,0,LP001334,train,Y
131.0,360.0,1.0,5300.0,0,1,0,1,1,0,0,0,1,0,1,0,0,1,0,LP001343,train,Y
133.0,180.0,1.0,7551.0,0,1,0,1,0,0,1,0,0,1,1,0,0,0,1,LP001345,train,Y
151.0,360.0,1.0,8649.0,0,1,1,0,1,0,0,0,1,0,1,0,0,1,0,LP001349,train,Y
132.0,360.0,1.0,13650.0,0,1,0,1,1,0,0,0,1,0,1,0,0,0,1,LP001350,train,Y
135.5,360.0,1.0,8235.0,0,1,0,1,1,0,0,0,1,0,1,0,0,1,0,LP001356,train,Y
160.0,360.0,1.0,4570.0,0,1,0,1,1,0,0,0,1,0,1,0,0,0,1,LP001357,train,Y
100.0,360.0,1.0,4082.0,0,1,0,1,0,1,0,0,1,0,1,0,0,0,1,LP001367,train,Y
225.0,360.0,1.0,12543.0,0,1,0,1,0,0,1,0,1,0,1,0,0,0,1,LP001369,train,Y
120.0,360.0,1.0,7333.0,0,1,1,0,1,0,0,0,0,1,1,0,1,0,0,LP001370,train,N
216.0,360.0,0.0,7400.0,0,1,0,1,0,0,1,0,1,0,1,0,0,0,1,LP001379,train,N
94.0,480.0,1.0,2825.0,0,1,0,1,0,0,0,1,0,1,1,0,0,1,0,LP001384,train,Y
136.0,360.0,1.0,5316.0,0,1,1,0,1,0,0,0,1,0,1,0,0,0,1,LP001385,train,Y
139.0,360.0,1.0,5262.0,1,0,0,1,1,0,0,0,1,0,1,0,0,1,0,LP001387,train,Y
152.0,360.0,0.0,7686.0,0,1,0,1,1,0,0,0,0,1,1,0,1,0,0,LP001391,train,N
120.5,360.0,1.0,7451.0,1,0,1,0,0,1,0,0,1,0,0,1,0,1,0,LP001392,train,Y
118.0,360.0,1.0,5050.0,0,1,1,0,1,0,0,0,1,0,1,0,0,1,0,LP001398,train,Y
185.0,180.0,1.0,14583.0,0,1,0,1,0,1,0,0,1,0,1,0,1,0,0,LP001401,train,Y
154.0,360.0,1.0,5450.0,1,0,0,1,1,0,0,0,1,0,1,0,0,1,0,LP001404,train,Y
85.0,360.0,1.0,3612.0,0,1,0,1,0,1,0,0,1,0,1,0,0,0,1,LP001405,train,Y
175.0,360.0,1.0,7710.0,0,1,0,1,1,0,0,0,1,0,1,0,1,0,0,LP001421,train,N
259.0,360.0,1.0,10408.0,1,0,1,0,1,0,0,0,1,0,1,0,0,0,1,LP001422,train,Y
180.0,360.0,1.0,8334.0,0,1,0,1,1,0,0,0,1,0,1,0,1,0,0,LP001426,train,Y
44.0,360.0,1.0,4166.0,1,0,1,0,1,0,0,0,1,0,1,0,0,1,0,LP001430,train,Y
137.0,360.0,0.0,11117.0,1,0,1,0,1,0,0,0,1,0,1,0,0,1,0,LP001431,train,Y
81.0,360.0,1.0,2957.0,0,1,0,1,0,0,1,0,1,0,1,0,0,1,0,LP001432,train,Y
194.0,360.0,1.0,6314.0,0,1,0,1,1,0,0,0,0,1,1,0,1,0,0,LP001439,train,Y
93.0,360.0,1.0,3692.0,1,0,1,0,1,0,0,0,1,0,1,0,1,0,0,LP001443,train,Y
370.0,360.0,1.0,23803.0,0,1,0,1,0,0,0,1,1,0,1,0,1,0,0,LP001448,train,Y
136.0,360.0,1.0,5505.0,0,1,1,0,1,0,0,0,1,0,1,0,1,0,0,LP001449,train,Y
160.0,180.0,0.0,14363.0,0,1,0,1,0,1,0,0,1,0,0,1,0,0,1,LP001451,train,N
182.0,360.0,1.0,8649.0,0,1,0,1,1,0,0,0,1,0,1,0,1,0,0,LP001465,train,N
650.0,480.0,1.0,20166.0,0,1,1,0,1,0,0,0,1,0,0,1,0,0,1,LP001469,train,Y
74.0,360.0,1.0,3943.0,0,1,1,0,1,0,0,0,1,0,1,0,0,0,1,LP001473,train,Y
70.0,360.0,1.0,2718.0,0,1,1,0,1,0,0,0,1,0,1,0,0,1,0,LP001478,train,Y
25.0,120.0,1.0,3459.0,0,1,0,1,1,0,0,0,1,0,0,1,0,1,0,LP001482,train,Y
102.0,360.0,1.0,4895.0,0,1,1,0,1,0,0,0,1,0,1,0,0,1,0,LP001487,train,Y
290.0,360.0,1.0,11750.0,0,1,0,1,0,0,0,1,1,0,1,0,0,1,0,LP001488,train,N
84.0,360.0,1.0,4583.0,1,0,0,1,1,0,0,0,1,0,1,0,1,0,0,LP001489,train,N
88.0,360.0,1.0,6816.0,0,1,0,1,0,0,1,0,1,0,0,1,0,0,1,LP001491,train,Y
242.0,360.0,0.0,14999.0,0,1,1,0,1,0,0,0,1,0,1,0,0,1,0,LP001492,train,N
129.0,360.0,1.0,5630.0,0,1,0,1,0,0,1,0,0,1,1,0,1,0,0,LP001493,train,N
185.0,360.0,1.0,7125.0,0,1,0,1,0,0,1,0,1,0,1,0,1,0,0,LP001497,train,N
168.0,360.0,1.0,5417.0,0,1,1,0,1,0,0,0,1,0,1,0,0,0,1,LP001498,train,Y
175.0,180.0,1.0,6950.0,0,1,1,0,1,0,0,0,1,0,0,1,0,1,0,LP001504,train,Y
122.0,360.0,1.0,4732.0,0,1,0,1,1,0,0,0,1,0,1,0,0,1,0,LP001507,train,Y
187.0,180.0,1.0,11757.0,0,1,0,1,0,0,1,0,1,0,1,0,0,0,1,LP001508,train,Y
100.0,360.0,1.0,6816.0,1,0,0,1,1,0,0,0,1,0,1,0,0,1,0,LP001514,train,Y
70.0,360.0,1.0,14866.0,1,0,0,1,0,0,1,0,1,0,1,0,0,0,1,LP001516,train,Y
30.0,360.0,1.0,2963.0,0,1,0,1,0,1,0,0,1,0,1,0,0,0,1,LP001518,train,Y
225.0,360.0,1.0,11666.0,1,0,1,0,1,0,0,0,1,0,1,0,1,0,0,LP001519,train,N
125.0,360.0,1.0,5690.0,0,1,0,1,1,0,0,0,1,0,1,0,0,1,0,LP001520,train,Y
118.0,360.0,0.0,6277.0,0,1,1,0,1,0,0,0,1,0,1,0,1,0,0,LP001528,train,N
152.0,360.0,1.0,6327.0,0,1,0,1,1,0,0,0,1,0,0,1,1,0,0,LP001529,train,Y
244.0,360.0,1.0,9166.0,0,1,1,0,1,0,0,0,1,0,1,0,0,0,1,LP001531,train,N
113.0,360.0,1.0,2281.0,0,1,0,1,0,0,1,0,0,1,1,0,1,0,0,LP001532,train,N
50.0,360.0,1.0,3254.0,0,1,1,0,1,0,0,0,1,0,1,0,0,0,1,LP001535,train,Y
600.0,180.0,0.0,39999.0,0,1,0,1,0,0,0,1,1,0,1,0,0,1,0,LP001536,train,Y
160.0,360.0,1.0,6000.0,0,1,0,1,0,1,0,0,1,0,1,0,1,0,0,LP001541,train,Y
187.0,360.0,1.0,9538.0,0,1,0,1,0,1,0,0,1,0,1,0,0,0,1,LP001543,train,Y
120.0,360.0,1.0,5063.0,0,1,1,0,1,0,0,0,1,0,1,0,1,0,0,LP001546,train,Y
255.0,360.0,1.0,10208.0,0,1,0,1,1,0,0,0,1,0,1,0,0,1,0,LP001552,train,Y
98.0,360.0,1.0,2904.0,0,1,0,1,1,0,0,0,0,1,1,0,0,1,0,LP001560,train,Y
275.0,360.0,1.0,7933.0,0,1,0,1,1,0,0,0,1,0,1,0,0,0,1,LP001562,train,N
121.0,360.0,0.0,4369.0,0,1,0,1,0,1,0,0,1,0,1,0,0,1,0,LP001565,train,N
158.0,360.0,1.0,5614.0,0,1,0,1,0,0,1,0,1,0,1,0,1,0,0,LP001570,train,Y
75.0,180.0,1.0,9323.0,0,1,0,1,1,0,0,0,1,0,1,0,0,0,1,LP001572,train,Y
182.0,360.0,1.0,6873.0,0,1,0,1,1,0,0,0,1,0,1,0,1,0,0,LP001574,train,Y
112.0,360.0,1.0,4583.0,1,0,0,1,1,0,0,0,1,0,1,0,1,0,0,LP001577,train,N
129.0,360.0,1.0,5772.0,0,1,0,1,1,0,0,0,1,0,1,0,1,0,0,LP001578,train,Y
63.0,480.0,0.0,2237.0,0,1,1,0,1,0,0,0,1,0,1,0,0,1,0,LP001579,train,N
200.0,360.0,1.0,8000.0,0,1,0,1,0,0,1,0,1,0,1,0,0,1,0,LP001580,train,Y
95.0,360.0,1.0,3589.0,0,1,0,1,1,0,0,0,0,1,1,0,1,0,0,LP001581,train,Y
700.0,300.0,1.0,51763.0,0,1,0,1,0,0,0,1,1,0,1,0,0,0,1,LP001585,train,Y
81.0,180.0,1.0,3522.0,0,1,0,1,0,0,0,1,0,1,1,0,1,0,0,LP001586,train,N
187.0,360.0,1.0,11333.0,0,1,0,1,1,0,0,0,1,0,1,0,0,1,0,LP001594,train,Y
87.0,360.0,1.0,5080.0,0,1,0,1,1,0,0,0,0,1,0,1,0,1,0,LP001603,train,N
116.0,360.0,1.0,5461.0,0,1,0,1,1,0,0,0,1,0,1,0,1,0,0,LP001606,train,Y
101.0,360.0,1.0,3664.0,0,1,0,1,0,0,1,0,1,0,1,0,1,0,0,LP001608,train,Y
495.0,360.0,0.0,16816.0,0,1,0,1,0,0,0,1,1,0,1,0,0,1,0,LP001610,train,N
116.0,360.0,1.0,3750.0,0,1,0,1,0,1,0,0,1,0,1,0,0,1,0,LP001616,train,Y
102.0,480.0,0.0,3784.0,0,1,1,0,1,0,0,0,0,1,1,0,0,0,1,LP001630,train,N
180.0,360.0,0.0,13650.0,0,1,0,1,0,1,0,0,1,0,1,0,0,0,1,LP001633,train,N
67.0,360.0,1.0,6979.0,0,1,1,0,1,0,0,0,1,0,1,0,1,0,0,LP001634,train,N
73.0,180.0,1.0,4600.0,0,1,0,1,1,0,0,0,1,0,1,0,0,1,0,LP001636,train,Y
260.0,360.0,1.0,33846.0,0,1,0,1,0,1,0,0,1,0,1,0,0,1,0,LP001637,train,N
108.0,360.0,1.0,3625.0,1,0,0,1,1,0,0,0,1,0,1,0,0,1,0,LP001639,train,Y
120.0,360.0,1.0,43897.0,0,1,0,1,1,0,0,0,1,0,0,1,0,1,0,LP001640,train,Y
66.0,300.0,0.0,2178.0,0,1,0,1,0,1,0,0,1,0,0,1,1,0,0,LP001641,train,N
58.0,360.0,1.0,4521.0,0,1,0,1,1,0,0,0,1,0,1,0,1,0,0,LP001643,train,Y
168.0,360.0,1.0,5970.0,0,1,0,1,1,0,0,0,1,0,0,1,1,0,0,LP001644,train,Y
188.0,180.0,1.0,9328.0,0,1,0,1,1,0,0,0,1,0,1,0,1,0,0,LP001647,train,Y
48.0,360.0,1.0,4885.0,0,1,1,0,1,0,0,0,0,1,1,0,1,0,0,LP001653,train,Y
164.0,360.0,1.0,12000.0,0,1,1,0,1,0,0,0,1,0,1,0,0,1,0,LP001656,train,N
160.0,360.0,1.0,6033.0,0,1,0,1,1,0,0,0,0,1,1,0,0,0,1,LP001657,train,N
76.0,360.0,1.0,3858.0,0,1,1,0,1,0,0,0,1,0,1,0,0,1,0,LP001658,train,Y
120.0,360.0,1.0,4191.0,0,1,1,0,1,0,0,0,1,0,1,0,1,0,0,LP001664,train,Y
170.0,360.0,1.0,5708.0,0,1,0,1,0,1,0,0,1,0,1,0,0,1,0,LP001665,train,N
187.0,360.0,1.0,12083.0,0,1,1,0,1,0,0,0,1,0,1,0,1,0,0,LP001666,train,Y
120.0,360.0,1.0,4272.0,1,0,1,0,1,0,0,0,0,1,1,0,0,0,1,LP001669,train,Y
113.0,360.0,1.0,6232.0,1,0,0,1,1,0,0,0,1,0,1,0,0,1,0,LP001671,train,Y
83.0,360.0,1.0,11000.0,0,1,1,0,1,0,0,0,1,0,0,1,0,0,1,LP001673,train,N
90.0,360.0,1.0,5100.0,0,1,0,1,0,1,0,0,0,1,1,0,0,1,0,LP001674,train,Y
166.0,360.0,0.0,4923.0,0,1,1,0,0,0,1,0,1,0,1,0,0,1,0,LP001677,train,Y
125.0,180.0,1.0,3992.0,0,1,0,1,0,0,0,1,0,1,1,0,0,0,1,LP001682,train,N
135.0,360.0,1.0,4583.0,0,1,0,1,0,1,0,0,0,1,1,0,0,0,1,LP001688,train,Y
124.0,360.0,1.0,3917.0,0,1,0,1,0,0,1,0,0,1,1,0,0,1,0,LP001691,train,Y
120.0,360.0,1.0,4408.0,1,0,1,0,1,0,0,0,0,1,1,0,0,1,0,LP001692,train,Y
80.0,360.0,1.0,3244.0,1,0,1,0,1,0,0,0,1,0,1,0,0,0,1,LP001693,train,Y
55.0,360.0,1.0,6506.0,0,1,1,0,1,0,0,0,0,1,1,0,1,0,0,LP001698,train,Y
59.0,360.0,1.0,2479.0,0,1,1,0,1,0,0,0,1,0,1,0,0,0,1,LP001699,train,Y
127.0,360.0,1.0,3418.0,0,1,1,0,1,0,0,0,1,0,1,0,0,1,0,LP001702,train,N
214.0,360.0,1.0,10000.0,1,0,1,0,1,0,0,0,1,0,1,0,0,1,0,LP001708,train,N
128.0,360.0,0.0,4680.0,0,1,0,1,0,0,0,1,1,0,1,0,0,1,0,LP001711,train,N
240.0,360.0,1.0,7787.0,0,1,0,1,0,1,0,0,1,0,0,1,0,0,1,LP001713,train,Y
130.0,360.0,1.0,5703.0,0,1,0,1,0,0,0,1,0,1,0,1,1,0,0,LP001715,train,Y
137.0,360.0,1.0,6194.0,0,1,0,1,1,0,0,0,1,0,1,0,0,0,1,LP001716,train,Y
100.0,360.0,1.0,4833.0,0,1,0,1,0,0,0,1,0,1,1,0,0,1,0,LP001720,train,Y
135.0,360.0,1.0,1950.0,0,1,0,1,1,0,0,0,1,0,1,0,1,0,0,LP001722,train,N
131.0,360.0,1.0,5502.0,0,1,0,1,1,0,0,0,1,0,1,0,0,1,0,LP001726,train,Y
72.0,360.0,0.0,5000.0,0,1,0,1,0,0,1,0,1,0,1,0,0,1,0,LP001732,train,N
127.0,360.0,1.0,6666.0,1,0,0,1,0,0,1,0,1,0,1,0,0,1,0,LP001734,train,Y
60.0,360.0,0.0,2221.0,0,1,0,1,1,0,0,0,1,0,1,0,0,0,1,LP001736,train,N
116.0,360.0,1.0,5726.0,0,1,0,1,0,0,1,0,1,0,1,0,0,1,0,LP001743,train,Y
144.0,360.0,1.0,5762.0,0,1,1,0,1,0,0,0,1,0,1,0,0,1,0,LP001744,train,Y
175.0,360.0,1.0,8588.0,0,1,0,1,1,0,0,0,1,0,1,0,0,1,0,LP001749,train,Y
128.0,360.0,1.0,6250.0,0,1,0,1,1,0,0,0,1,0,1,0,0,1,0,LP001750,train,Y
170.0,360.0,1.0,3250.0,0,1,0,1,1,0,0,0,1,0,1,0,1,0,0,LP001751,train,N
138.0,360.0,1.0,4735.0,0,1,0,1,1,0,0,0,0,1,0,1,0,0,1,LP001754,train,N
210.0,360.0,1.0,7945.0,0,1,0,1,0,0,1,0,1,0,1,0,0,1,0,LP001758,train,Y
158.0,480.0,1.0,4758.0,0,1,0,1,1,0,0,0,1,0,1,0,0,1,0,LP001760,train,Y
200.0,360.0,1.0,6400.0,0,1,1,0,1,0,0,0,1,0,0,1,1,0,0,LP001761,train,Y
104.0,360.0,1.0,4545.0,0,1,0,1,0,1,0,0,1,0,1,0,0,1,0,LP001765,train,Y
42.0,180.0,1.0,3716.0,0,1,0,1,1,0,0,0,1,0,1,0,1,0,0,LP001768,train,Y
120.0,360.0,1.0,5787.0,0,1,1,0,1,0,0,0,0,1,1,0,1,0,0,LP001770,train,Y
280.0,360.0,1.0,8333.0,1,0,1,0,1,0,0,0,1,0,1,0,0,1,0,LP001776,train,Y
140.0,360.0,1.0,4934.0,0,1,0,1,0,1,0,0,1,0,1,0,0,1,0,LP001778,train,Y
170.0,360.0,1.0,6760.0,0,1,0,1,0,1,0,0,1,0,1,0,1,0,0,LP001784,train,Y
255.0,360.0,1.0,5746.0,0,1,0,1,1,0,0,0,1,0,1,0,0,0,1,LP001786,train,N
122.0,360.0,1.0,3463.0,1,0,1,0,1,0,0,0,1,0,0,1,0,0,1,LP001788,train,Y
112.0,360.0,1.0,3812.0,1,0,1,0,0,1,0,0,1,0,1,0,1,0,0,LP001790,train,Y
96.0,360.0,1.0,3315.0,0,1,0,1,0,1,0,0,1,0,1,0,0,1,0,LP001792,train,Y
120.0,360.0,1.0,10819.0,0,1,0,1,0,0,1,0,1,0,1,0,1,0,0,LP001798,train,Y
140.0,180.0,1.0,4493.0,0,1,0,1,0,1,0,0,0,1,1,0,0,0,1,LP001800,train,N
155.0,60.0,1.0,8666.0,0,1,1,0,1,0,0,0,1,0,1,0,0,0,1,LP001806,train,Y
108.0,360.0,1.0,7550.0,0,1,0,1,0,0,1,0,1,0,0,1,1,0,0,LP001807,train,Y
123.0,360.0,1.0,7823.0,0,1,0,1,1,0,0,0,0,1,1,0,0,1,0,LP001811,train,Y
120.0,180.0,1.0,10383.0,0,1,1,0,1,0,0,0,1,0,0,1,0,0,1,LP001813,train,N
112.0,360.0,1.0,9703.0,0,1,0,1,0,0,1,0,1,0,1,0,0,0,1,LP001814,train,Y
137.0,180.0,1.0,6608.0,0,1,0,1,0,1,0,0,0,1,1,0,0,0,1,LP001819,train,Y
123.0,480.0,1.0,4725.0,0,1,0,1,0,1,0,0,1,0,1,0,0,1,0,LP001824,train,Y
90.0,360.0,1.0,3677.0,0,1,0,1,1,0,0,0,1,0,1,0,0,0,1,LP001825,train,Y
201.0,360.0,0.0,5558.0,0,1,0,1,1,0,0,0,0,1,1,0,0,1,0,LP001835,train,N
138.0,360.0,1.0,3427.0,1,0,1,0,0,0,1,0,1,0,1,0,0,0,1,LP001836,train,N
104.0,360.0,1.0,4750.0,0,1,1,0,1,0,0,0,0,1,0,1,1,0,0,LP001841,train,Y
279.0,180.0,1.0,9762.0,0,1,0,1,0,1,0,0,0,1,1,0,0,1,0,LP001843,train,Y
192.0,360.0,0.0,16250.0,0,1,1,0,1,0,0,0,1,0,0,1,0,0,1,LP001844,train,N
255.0,360.0,1.0,3083.0,1,0,1,0,0,0,0,1,1,0,1,0,1,0,0,LP001846,train,Y
115.0,360.0,0.0,6045.0,0,1,1,0,1,0,0,0,0,1,1,0,1,0,0,LP001849,train,N
94.0,360.0,1.0,5250.0,0,1,0,1,0,0,0,1,1,0,1,0,0,0,1,LP001854,train,N
304.0,360.0,1.0,16783.0,0,1,0,1,1,0,0,0,1,0,1,0,1,0,0,LP001859,train,N
128.0,360.0,1.0,4931.0,0,1,0,1,0,0,0,1,0,1,1,0,0,1,0,LP001864,train,N
330.0,360.0,1.0,10333.0,0,1,0,1,0,1,0,0,1,0,1,0,0,0,1,LP001865,train,Y
134.0,360.0,1.0,4269.0,0,1,1,0,1,0,0,0,1,0,1,0,0,1,0,LP001868,train,Y
155.0,36.0,1.0,3481.0,1,0,1,0,0,1,0,0,1,0,1,0,0,1,0,LP001870,train,N
120.0,360.0,1.0,7200.0,1,0,1,0,1,0,0,0,1,0,1,0,1,0,0,LP001871,train,Y
128.0,360.0,1.0,5166.0,0,1,1,0,1,0,0,0,1,0,0,1,0,1,0,LP001872,train,Y
151.0,360.0,1.0,7542.0,0,1,1,0,1,0,0,0,1,0,1,0,1,0,0,LP001875,train,Y
150.0,360.0,1.0,6095.0,0,1,0,1,0,0,1,0,1,0,1,0,0,1,0,LP001877,train,Y
160.0,360.0,0.0,6144.0,0,1,0,1,0,0,0,1,1,0,1,0,0,0,1,LP001882,train,Y
135.0,360.0,1.0,3418.0,1,0,1,0,1,0,0,0,1,0,1,0,1,0,0,LP001883,train,N
90.0,360.0,1.0,4436.0,1,0,1,0,0,1,0,0,1,0,1,0,0,0,1,LP001884,train,Y
30.0,360.0,1.0,3237.0,1,0,1,0,1,0,0,0,1,0,1,0,0,0,1,LP001888,train,Y
136.0,360.0,1.0,11146.0,0,1,0,1,1,0,0,0,1,0,1,0,0,0,1,LP001891,train,Y
126.0,360.0,1.0,4690.0,0,1,1,0,1,0,0,0,1,0,1,0,1,0,0,LP001892,train,Y
150.0,360.0,1.0,4843.0,0,1,0,1,1,0,0,0,1,0,1,0,0,1,0,LP001894,train,Y
90.0,360.0,1.0,3900.0,0,1,0,1,0,0,1,0,1,0,1,0,0,1,0,LP001896,train,Y
115.0,360.0,1.0,4592.0,0,1,0,1,0,1,0,0,1,0,1,0,0,1,0,LP001900,train,Y
207.0,360.0,1.0,7267.0,0,1,0,1,1,0,0,0,1,0,1,0,0,1,0,LP001903,train,Y
80.0,360.0,1.0,4403.0,0,1,0,1,1,0,0,0,1,0,1,0,0,0,1,LP001904,train,Y
436.0,360.0,1.0,14583.0,0,1,0,1,1,0,0,0,1,0,1,0,0,1,0,LP001907,train,Y
124.0,360.0,1.0,4100.0,1,0,0,1,1,0,0,0,0,1,1,0,1,0,0,LP001908,train,Y
158.0,360.0,0.0,6479.0,0,1,1,0,0,1,0,0,0,1,0,1,0,0,1,LP001910,train,N
112.0,360.0,1.0,4727.0,0,1,0,1,1,0,0,0,1,0,1,0,0,1,0,LP001914,train,Y
78.0,180.0,1.0,3286.7999878,0,1,0,1,0,0,1,0,1,0,1,0,0,0,1,LP001915,train,Y
54.0,360.0,1.0,3477.0,1,0,1,0,1,0,0,0,1,0,1,0,0,0,1,LP001917,train,Y
146.0,360.0,1.0,20667.0,0,1,0,1,1,0,0,0,1,0,1,0,1,0,0,LP001922,train,N
89.0,360.0,1.0,6211.0,0,1,1,0,1,0,0,0,1,0,1,0,1,0,0,LP001924,train,Y
99.0,300.0,1.0,4317.0,1,0,1,0,1,0,0,0,1,0,0,1,0,1,0,LP001925,train,N
120.0,360.0,1.0,5704.0,0,1,0,1,1,0,0,0,1,0,1,0,1,0,0,LP001926,train,Y
115.0,360.0,1.0,4124.0,1,0,1,0,1,0,0,0,1,0,1,0,0,1,0,LP001931,train,Y
187.0,360.0,1.0,9508.0,0,1,1,0,1,0,0,0,1,0,1,0,1,0,0,LP001935,train,Y
139.0,360.0,1.0,5491.0,0,1,0,1,1,0,0,0,1,0,1,0,1,0,0,LP001936,train,Y
127.0,360.0,0.0,4400.0,0,1,0,1,0,0,1,0,1,0,1,0,0,1,0,LP001938,train,N
134.0,360.0,1.0,4713.0,0,1,0,1,0,0,1,0,1,0,1,0,0,0,1,LP001940,train,Y
143.0,480.0,0.0,5417.0,1,0,1,0,1,0,0,0,1,0,1,0,0,0,1,LP001945,train,N
172.0,360.0,1.0,5717.0,0,1,0,1,1,0,0,0,1,0,1,0,0,1,0,LP001947,train,Y
110.0,360.0,1.0,5666.0,0,1,0,1,0,0,0,1,1,0,1,0,0,0,1,LP001949,train,Y
200.0,360.0,1.0,6875.0,0,1,0,1,0,1,0,0,1,0,1,0,0,1,0,LP001953,train,Y
135.0,360.0,1.0,4666.0,1,0,0,1,0,1,0,0,1,0,1,0,0,0,1,LP001954,train,Y
151.0,480.0,1.0,7541.0,1,0,1,0,1,0,0,0,1,0,1,0,1,0,0,LP001955,train,N
113.0,360.0,1.0,4939.0,0,1,0,1,0,1,0,0,1,0,1,0,0,0,1,LP001963,train,N
93.0,360.0,0.0,4734.0,0,1,0,1,1,0,0,0,0,1,1,0,0,0,1,LP001964,train,N
105.0,360.0,1.0,4625.0,0,1,0,1,1,0,0,0,0,1,1,0,0,1,0,LP001972,train,Y
132.0,360.0,1.0,5000.0,1,0,1,0,1,0,0,0,1,0,1,0,1,0,0,LP001974,train,Y
96.0,360.0,1.0,3428.0,0,1,0,1,0,1,0,0,1,0,1,0,0,0,1,LP001977,train,Y
140.0,360.0,1.0,6500.0,0,1,1,0,1,0,0,0,1,0,1,0,1,0,0,LP001978,train,Y
95.0,360.0,1.0,2000.0,0,1,1,0,1,0,0,0,0,1,1,0,0,0,1,LP001990,train,N
135.0,360.0,1.0,5428.0,1,0,1,0,1,0,0,0,1,0,1,0,1,0,0,LP001993,train,Y
104.0,360.0,0.0,4263.0,1,0,1,0,1,0,0,0,1,0,1,0,0,0,1,LP001994,train,N
480.0,360.0,1.0,20233.0,0,1,1,0,1,0,0,0,1,0,1,0,1,0,0,LP001996,train,N
185.0,360.0,1.0,7667.0,0,1,0,1,0,0,1,0,0,1,1,0,1,0,0,LP001998,train,Y
84.0,360.0,1.0,2917.0,1,0,1,0,1,0,0,0,1,0,1,0,0,1,0,LP002002,train,Y
111.0,360.0,1.0,5332.0,0,1,1,0,1,0,0,0,0,1,1,0,0,1,0,LP002004,train,Y
56.0,360.0,1.0,2507.0,1,0,1,0,1,0,0,0,1,0,1,0,1,0,0,LP002006,train,Y
144.0,84.0,1.0,5746.0,0,1,0,1,0,0,1,0,1,0,0,1,1,0,0,LP002008,train,Y
159.0,360.0,1.0,4316.0,0,1,0,1,1,0,0,0,1,0,1,0,1,0,0,LP002024,train,N
111.0,180.0,1.0,5039.0,0,1,0,1,0,1,0,0,0,1,1,0,0,0,1,LP002031,train,Y
120.0,360.0,1.0,3717.0,0,1,0,1,0,0,1,0,1,0,1,0,0,1,0,LP002035,train,Y
88.0,360.0,1.0,4192.0,0,1,0,1,1,0,0,0,1,0,1,0,0,0,1,LP002036,train,Y
112.0,360.0,1.0,3541.0,1,0,1,0,0,1,0,0,1,0,1,0,0,1,0,LP002043,train,Y
155.0,360.0,1.0,10000.0,0,1,0,1,0,1,0,0,1,0,0,1,1,0,0,LP002050,train,N
115.0,360.0,1.0,4567.0,0,1,0,1,1,0,0,0,1,0,1,0,0,1,0,LP002051,train,Y
124.0,360.0,1.0,4531.0,0,1,0,1,0,0,0,1,1,0,1,0,0,1,0,LP002053,train,Y
126.5,360.0,1.0,5191.0,0,1,0,1,0,0,1,0,0,1,1,0,1,0,0,LP002054,train,Y
132.0,360.0,1.0,6151.0,1,0,1,0,1,0,0,0,1,0,1,0,1,0,0,LP002055,train,Y
300.0,360.0,1.0,15000.0,0,1,0,1,0,0,0,1,1,0,1,0,1,0,0,LP002065,train,Y
376.0,360.0,0.0,13649.0,0,1,0,1,0,1,0,0,1,0,0,1,1,0,0,LP002067,train,N
130.0,360.0,0.0,4917.0,0,1,1,0,1,0,0,0,1,0,1,0,1,0,0,LP002068,train,Y
184.0,360.0,1.0,7978.0,0,1,0,1,1,0,0,0,1,0,0,1,0,1,0,LP002082,train,Y
110.0,360.0,1.0,6784.0,1,0,0,1,1,0,0,0,1,0,1,0,0,0,1,LP002086,train,N
67.0,360.0,1.0,2500.0,1,0,1,0,1,0,0,0,1,0,1,0,0,0,1,LP002087,train,Y
117.0,360.0,1.0,6177.0,0,1,1,0,0,1,0,0,1,0,1,0,0,0,1,LP002097,train,Y
98.0,360.0,1.0,2935.0,0,1,1,0,1,0,0,0,1,0,1,0,0,1,0,LP002098,train,Y
71.0,360.0,1.0,2833.0,0,1,1,0,1,0,0,0,1,0,1,0,0,0,1,LP002100,train,Y
490.0,180.0,1.0,63337.0,0,1,0,1,1,0,0,0,1,0,1,0,0,0,1,LP002101,train,Y
182.0,180.0,1.0,11666.0,0,1,0,1,0,1,0,0,1,0,0,1,0,0,1,LP002103,train,Y
70.0,360.0,1.0,9993.0,0,1,0,1,1,0,0,0,1,0,0,1,0,1,0,LP002106,train,Y
160.0,360.0,1.0,5938.0,0,1,0,1,0,1,0,0,1,0,1,0,1,0,0,LP002110,train,Y
176.0,360.0,1.0,7100.0,0,1,0,1,0,0,1,0,1,0,0,1,1,0,0,LP002112,train,Y
120.0,360.0,0.0,1830.0,1,0,1,0,0,0,0,1,0,1,1,0,0,0,1,LP002113,train,N
71.0,360.0,1.0,4160.0,1,0,1,0,1,0,0,0,1,0,1,0,0,1,0,LP002114,train,Y
173.0,360.0,1.0,4234.0,0,1,0,1,0,0,0,1,0,1,1,0,1,0,0,LP002115,train,N
46.0,360.0,1.0,2378.0,1,0,1,0,1,0,0,0,1,0,1,0,1,0,0,LP002116,train,N
158.0,360.0,1.0,5783.0,0,1,0,1,0,1,0,0,0,1,1,0,0,0,1,LP002119,train,Y
74.0,360.0,1.0,3173.0,0,1,0,1,0,0,0,1,0,1,1,0,0,1,0,LP002126,train,Y
125.0,360.0,1.0,4913.0,0,1,0,1,0,0,1,0,1,0,1,0,1,0,0,LP002128,train,Y
160.0,360.0,1.0,4957.0,0,1,0,1,1,0,0,0,1,0,1,0,0,1,0,LP002129,train,Y
152.0,360.0,0.0,6753.0,0,1,0,1,1,0,0,0,0,1,1,0,1,0,0,LP002130,train,N
126.0,360.0,1.0,5251.0,0,1,0,1,0,0,1,0,0,1,1,0,0,0,1,LP002131,train,Y
259.0,360.0,1.0,10916.0,0,1,0,1,1,0,0,0,1,0,1,0,0,1,0,LP002137,train,Y
187.0,360.0,1.0,8875.0,0,1,0,1,1,0,0,0,1,0,1,0,1,0,0,LP002138,train,Y
228.0,360.0,1.0,9083.0,0,1,0,1,1,0,0,0,1,0,1,0,0,1,0,LP002139,train,Y
308.0,360.0,1.0,12917.0,0,1,1,0,1,0,0,0,1,0,1,0,1,0,0,LP002140,train,N
95.0,360.0,1.0,4749.0,0,1,0,1,0,0,0,1,1,0,1,0,1,0,0,LP002141,train,Y
105.0,360.0,0.0,5500.0,1,0,0,1,1,0,0,0,1,0,0,1,1,0,0,LP002142,train,N
130.0,360.0,1.0,2928.0,1,0,0,1,1,0,0,0,1,0,1,0,0,1,0,LP002143,train,Y
116.0,180.0,1.0,3813.0,1,0,1,0,1,0,0,0,1,0,1,0,0,0,1,LP002144,train,Y
165.0,360.0,1.0,11500.0,0,1,0,1,0,0,1,0,1,0,1,0,1,0,0,LP002149,train,Y
67.0,360.0,1.0,3875.0,0,1,0,1,0,1,0,0,1,0,1,0,0,0,1,LP002151,train,N
100.0,480.0,0.0,4666.0,0,1,0,1,1,0,0,0,0,1,1,0,0,0,1,LP002158,train,N
200.0,360.0,1.0,8334.0,0,1,0,1,0,0,0,1,1,0,1,0,0,1,0,LP002160,train,Y
81.0,360.0,1.0,4723.0,1,0,1,0,0,1,0,0,1,0,1,0,0,1,0,LP002161,train,N
236.0,360.0,1.0,8667.0,0,1,0,1,0,0,1,0,1,0,1,0,0,1,0,LP002170,train,Y
130.0,360.0,1.0,7083.0,0,1,0,1,1,0,0,0,1,0,1,0,0,0,1,LP002175,train,Y
95.0,300.0,1.0,6046.0,0,1,0,1,1,0,0,0,1,0,1,0,0,0,1,LP002178,train,Y
141.0,360.0,1.0,6822.0,0,1,1,0,1,0,0,0,1,0,0,1,1,0,0,LP002180,train,Y
133.0,360.0,1.0,6216.0,0,1,1,0,1,0,0,0,0,1,1,0,1,0,0,LP002181,train,N
96.0,480.0,1.0,2500.0,0,1,1,0,1,0,0,0,1,0,1,0,0,1,0,LP002187,train,N
124.0,360.0,0.0,5124.0,0,1,1,0,1,0,0,0,1,0,1,0,1,0,0,LP002188,train,N
175.0,360.0,1.0,6325.0,0,1,0,1,0,1,0,0,1,0,1,0,0,1,0,LP002190,train,Y
570.0,360.0,1.0,24996.0,0,1,0,1,1,0,0,0,1,0,1,0,1,0,0,LP002191,train,N
55.0,360.0,1.0,15759.0,1,0,1,0,1,0,0,0,1,0,0,1,0,1,0,LP002194,train,Y
155.0,360.0,1.0,5185.0,0,1,0,1,0,0,1,0,1,0,1,0,0,1,0,LP002197,train,Y
380.0,300.0,1.0,17196.0,0,1,0,1,0,0,1,0,1,0,0,1,1,0,0,LP002201,train,Y
111.0,180.0,0.0,5049.0,0,1,1,0,0,1,0,0,1,0,1,0,0,0,1,LP002205,train,N
110.0,360.0,1.0,4223.0,1,0,1,0,1,0,0,0,1,0,1,0,0,0,1,LP002209,train,Y
120.0,180.0,1.0,5740.0,0,1,0,1,1,0,0,0,1,0,1,0,0,0,1,LP002211,train,Y
130.0,360.0,1.0,13746.0,0,1,0,1,0,0,0,1,1,0,1,0,1,0,0,LP002219,train,Y
130.0,360.0,1.0,4310.0,0,1,0,1,1,0,0,0,1,0,1,0,0,1,0,LP002223,train,Y
71.0,480.0,1.0,3069.0,0,1,1,0,1,0,0,0,1,0,1,0,0,0,1,LP002224,train,N
130.0,360.0,1.0,5391.0,0,1,0,1,0,0,1,0,1,0,1,0,0,0,1,LP002225,train,Y
128.0,360.0,1.0,5833.0,0,1,0,1,1,0,0,0,1,0,1,0,0,1,0,LP002226,train,Y
296.0,360.0,1.0,10173.0,0,1,1,0,1,0,0,0,1,0,1,0,0,1,0,LP002229,train,Y
156.0,360.0,1.0,6000.0,1,0,1,0,1,0,0,0,1,0,1,0,0,0,1,LP002231,train,Y
128.0,360.0,1.0,7167.0,0,1,1,0,1,0,0,0,1,0,0,1,0,0,1,LP002234,train,Y
100.0,360.0,1.0,4566.0,0,1,0,1,0,0,1,0,1,0,1,0,0,0,1,LP002236,train,N
113.0,180.0,1.0,3667.0,0,1,1,0,0,1,0,0,1,0,1,0,0,0,1,LP002237,train,Y
132.0,360.0,1.0,3946.0,0,1,1,0,1,0,0,0,0,1,1,0,0,1,0,LP002239,train,Y
125.0,360.0,0.0,6146.0,0,1,0,1,1,0,0,0,0,1,1,0,0,0,1,LP002243,train,N
136.0,360.0,1.0,4750.0,0,1,0,1,1,0,0,0,1,0,1,0,0,0,1,LP002244,train,Y
125.0,360.0,1.0,5488.0,0,1,0,1,1,0,0,0,1,0,1,0,1,0,0,LP002250,train,Y
185.0,360.0,1.0,9167.0,0,1,1,0,0,0,0,1,1,0,1,0,1,0,0,LP002255,train,Y
275.0,360.0,1.0,9504.0,0,1,0,1,0,0,0,1,1,0,1,0,1,0,0,LP002262,train,Y
120.0,360.0,1.0,4698.0,0,1,0,1,1,0,0,0,1,0,1,0,0,0,1,LP002263,train,Y
113.0,180.0,1.0,3618.0,0,1,0,1,0,0,1,0,0,1,1,0,0,1,0,LP002265,train,Y
113.0,360.0,1.0,4500.0,0,1,0,1,0,0,1,0,1,0,1,0,0,0,1,LP002266,train,Y
135.0,360.0,1.0,3760.0,0,1,0,1,0,0,1,0,1,0,1,0,0,1,0,LP002272,train,Y
71.0,360.0,0.0,3180.0,1,0,1,0,1,0,0,0,1,0,1,0,0,0,1,LP002277,train,N
95.0,360.0,1.0,4492.0,0,1,0,1,1,0,0,0,1,0,1,0,0,0,1,LP002281,train,Y
109.0,360.0,1.0,5568.0,0,1,1,0,1,0,0,0,0,1,1,0,1,0,0,LP002284,train,Y
103.0,360.0,0.0,3300.0,1,0,1,0,1,0,0,0,1,0,1,0,0,1,0,LP002287,train,N
45.0,180.0,0.0,2889.0,0,1,0,1,0,0,1,0,0,1,1,0,0,0,1,LP002288,train,N
65.0,300.0,1.0,2755.0,0,1,1,0,1,0,0,0,0,1,1,0,1,0,0,LP002296,train,N
103.0,360.0,1.0,22500.0,0,1,1,0,1,0,0,0,1,0,1,0,0,1,0,LP002297,train,Y
53.0,360.0,1.0,1963.0,1,0,1,0,1,0,0,0,0,1,1,0,0,1,0,LP002300,train,Y
194.0,360.0,1.0,7441.0,1,0,1,0,1,0,0,0,1,0,0,1,1,0,0,LP002301,train,N
115.0,360.0,1.0,4547.0,1,0,1,0,1,0,0,0,1,0,1,0,0,1,0,LP002305,train,Y
115.0,360.0,1.0,4567.0,0,1,0,1,1,0,0,0,0,1,1,0,0,0,1,LP002308,train,Y
66.0,360.0,1.0,2213.0,1,0,1,0,1,0,0,0,0,1,1,0,1,0,0,LP002314,train,Y
152.0,300.0,0.0,8300.0,0,1,0,1,0,1,0,0,1,0,1,0,0,1,0,LP002315,train,N
360.0,360.0,0.0,81000.0,0,1,0,1,0,0,0,1,1,0,1,0,1,0,0,LP002317,train,N
62.0,360.0,1.0,3867.0,1,0,1,0,0,1,0,0,0,1,0,1,0,1,0,LP002318,train,N
160.0,360.0,1.0,6256.0,0,1,0,1,1,0,0,0,1,0,1,0,0,0,1,LP002319,train,Y
218.0,360.0,0.0,6096.0,0,1,0,1,1,0,0,0,0,1,1,0,1,0,0,LP002328,train,N
110.0,360.0,1.0,4286.0,0,1,0,1,1,0,0,0,0,1,1,0,1,0,0,LP002332,train,Y
178.0,360.0,0.0,5386.0,1,0,0,1,1,0,0,0,0,1,1,0,0,1,0,LP002335,train,N
60.0,360.0,1.0,2995.0,1,0,1,0,1,0,0,0,1,0,1,0,0,0,1,LP002337,train,Y
160.0,360.0,1.0,2600.0,1,0,1,0,0,1,0,0,1,0,1,0,0,0,1,LP002341,train,N
239.0,360.0,1.0,21600.0,0,1,0,1,0,0,1,0,1,0,0,1,0,0,1,LP002342,train,N
112.0,360.0,1.0,3798.0,0,1,0,1,1,0,0,0,1,0,1,0,1,0,0,LP002345,train,Y
138.0,360.0,1.0,4663.0,0,1,0,1,1,0,0,0,1,0,1,0,0,1,0,LP002347,train,Y
138.0,360.0,1.0,5829.0,0,1,0,1,1,0,0,0,1,0,1,0,1,0,0,LP002348,train,Y
80.0,360.0,0.0,2720.0,1,0,1,0,1,0,0,0,0,1,1,0,0,0,1,LP002357,train,N
100.0,360.0,1.0,3539.0,0,1,0,1,1,0,0,0,1,0,1,0,0,0,1,LP002361,train,Y
110.0,360.0,0.0,8917.0,0,1,0,1,0,1,0,0,1,0,1,0,0,0,1,LP002362,train,N
96.0,360.0,1.0,14880.0,0,1,0,1,1,0,0,0,1,0,1,0,0,1,0,LP002364,train,Y
121.0,360.0,1.0,6966.0,0,1,0,1,1,0,0,0,1,0,1,0,1,0,0,LP002366,train,Y
81.0,360.0,1.0,4606.0,1,0,1,0,0,1,0,0,0,1,1,0,1,0,0,LP002367,train,N
133.0,360.0,1.0,5935.0,0,1,0,1,0,0,1,0,1,0,1,0,0,1,0,LP002368,train,Y
87.0,360.0,1.0,2936.12000084,0,1,0,1,1,0,0,0,1,0,1,0,1,0,0,LP002369,train,Y
60.0,180.0,1.0,2717.0,0,1,1,0,1,0,0,0,0,1,1,0,0,0,1,LP002370,train,Y
150.0,360.0,1.0,8624.0,1,0,1,0,0,1,0,0,1,0,0,1,0,1,0,LP002377,train,Y
105.0,360.0,0.0,6500.0,0,1,1,0,1,0,0,0,1,0,1,0,1,0,0,LP002379,train,N
405.0,360.0,1.0,12876.0,0,1,1,0,1,0,0,0,1,0,1,0,0,1,0,LP002386,train,Y
143.0,360.0,1.0,4765.0,0,1,0,1,1,0,0,0,1,0,1,0,0,1,0,LP002387,train,Y
100.0,360.0,1.0,3750.0,0,1,1,0,1,0,0,0,1,0,1,0,0,0,1,LP002390,train,Y
124.5,240.0,1.0,10047.0,1,0,0,1,1,0,0,0,1,0,1,0,0,1,0,LP002393,train,Y
50.0,360.0,1.0,3777.0,0,1,1,0,1,0,0,0,1,0,1,0,0,1,0,LP002398,train,Y
132.0,360.0,1.0,3338.0,0,1,0,1,1,0,0,0,1,0,1,0,0,0,1,LP002401,train,Y
187.0,360.0,0.0,10416.0,0,1,1,0,1,0,0,0,1,0,0,1,0,0,1,LP002403,train,N
138.0,360.0,1.0,7142.0,1,0,0,1,1,0,0,0,0,1,0,1,1,0,0,LP002407,train,Y
187.0,360.0,1.0,8724.0,0,1,1,0,1,0,0,0,1,0,1,0,0,1,0,LP002408,train,Y
180.0,360.0,1.0,9734.0,0,1,0,1,1,0,0,0,1,0,1,0,1,0,0,LP002409,train,Y
148.0,360.0,1.0,6700.0,0,1,1,0,0,0,0,1,0,1,1,0,0,1,0,LP002418,train,Y
152.0,360.0,1.0,37719.0,0,1,1,0,0,1,0,0,1,0,1,0,0,1,0,LP002422,train,Y
175.0,300.0,1.0,15666.0,0,1,0,1,1,0,0,0,1,0,1,0,1,0,0,LP002424,train,Y
130.0,360.0,1.0,4676.0,0,1,0,1,0,1,0,0,1,0,0,1,1,0,0,LP002429,train,Y
110.0,360.0,1.0,4652.0,0,1,0,1,0,0,1,0,0,1,1,0,1,0,0,LP002434,train,Y
55.0,360.0,1.0,4915.0,0,1,0,1,1,0,0,0,1,0,1,0,1,0,0,LP002435,train,N
150.0,360.0,0.0,5050.0,0,1,0,1,0,0,1,0,1,0,1,0,1,0,0,LP002443,train,N
190.0,360.0,1.0,4311.0,0,1,1,0,0,1,0,0,0,1,0,1,0,1,0,LP002444,train,N
125.0,360.0,0.0,3564.0,0,1,0,1,0,0,1,0,0,1,1,0,1,0,0,LP002446,train,N
60.0,300.0,1.0,3414.0,0,1,0,1,0,0,1,0,0,1,1,0,0,0,1,LP002447,train,Y
149.0,360.0,0.0,5681.0,0,1,0,1,1,0,0,0,1,0,1,0,1,0,0,LP002448,train,N
90.0,180.0,0.0,4949.0,0,1,0,1,1,0,0,0,1,0,1,0,1,0,0,LP002449,train,Y
84.0,360.0,1.0,7085.0,0,1,1,0,1,0,0,0,1,0,0,1,0,1,0,LP002453,train,Y
96.0,360.0,1.0,3859.0,0,1,0,1,0,0,1,0,1,0,1,0,0,1,0,LP002455,train,Y
118.0,360.0,1.0,4301.0,0,1,0,1,1,0,0,0,1,0,1,0,0,0,1,LP002459,train,Y
173.0,360.0,1.0,6277.0,0,1,0,1,1,0,0,0,1,0,1,0,0,0,1,LP002467,train,N
136.0,360.0,1.0,4354.0,0,1,1,0,0,0,1,0,1,0,1,0,1,0,0,LP002472,train,Y
160.0,360.0,1.0,8334.0,0,1,0,1,1,0,0,0,1,0,1,0,0,1,0,LP002473,train,N
160.0,360.0,1.0,6166.0,0,1,0,1,1,0,0,0,1,0,0,1,0,1,0,LP002478,train,Y
128.0,180.0,1.0,7740.0,0,1,0,1,0,0,0,1,1,0,1,0,0,0,1,LP002484,train,Y
153.0,360.0,1.0,5203.0,0,1,0,1,1,0,0,0,1,0,1,0,1,0,0,LP002487,train,Y
132.0,360.0,1.0,5191.0,1,0,1,0,0,1,0,0,0,1,1,0,0,1,0,LP002489,train,Y
98.0,360.0,0.0,4166.0,0,1,1,0,1,0,0,0,1,0,1,0,0,1,0,LP002493,train,N
140.0,360.0,1.0,6000.0,0,1,1,0,1,0,0,0,1,0,1,0,1,0,0,LP002494,train,Y
70.0,180.0,0.0,4611.0,0,1,0,1,0,0,0,1,0,1,1,0,0,0,1,LP002500,train,N
110.0,360.0,1.0,16692.0,0,1,0,1,1,0,0,0,1,0,1,0,0,1,0,LP002501,train,Y
98.0,360.0,1.0,3127.0,1,0,0,1,0,0,1,0,0,1,1,0,0,1,0,LP002502,train,Y
110.0,360.0,1.0,6784.0,0,1,0,1,1,0,0,0,1,0,1,0,0,0,1,LP002505,train,N
162.0,360.0,1.0,5529.0,0,1,0,1,0,1,0,0,1,0,0,1,0,1,0,LP002515,train,Y
113.0,180.0,0.0,4153.0,0,1,0,1,0,1,0,0,0,1,1,0,1,0,0,LP002517,train,N
100.0,360.0,1.0,4691.0,0,1,0,1,0,0,0,1,1,0,1,0,0,1,0,LP002519,train,Y
93.0,360.0,1.0,2500.0,1,0,1,0,1,0,0,0,1,0,0,1,0,0,1,LP002522,train,Y
162.0,360.0,1.0,10180.0,0,1,1,0,0,0,1,0,1,0,1,0,1,0,0,LP002524,train,Y
150.0,360.0,1.0,17539.0,0,1,0,1,0,0,1,0,1,0,0,1,1,0,0,LP002527,train,Y
230.0,300.0,1.0,8450.0,0,1,0,1,0,0,1,0,1,0,1,0,0,1,0,LP002529,train,Y
132.0,360.0,0.0,4745.0,0,1,0,1,0,0,1,0,1,0,1,0,0,1,0,LP002530,train,N
86.0,360.0,1.0,18917.0,0,1,0,1,0,1,0,0,1,0,0,1,0,1,0,LP002531,train,Y
132.0,360.0,1.0,4550.0,0,1,0,1,0,0,1,0,1,0,1,0,0,0,1,LP002533,train,N
154.0,360.0,1.0,4350.0,1,0,1,0,1,0,0,0,0,1,1,0,1,0,0,LP002534,train,Y
113.0,360.0,1.0,3095.0,0,1,0,1,0,0,0,1,0,1,1,0,1,0,0,LP002536,train,Y
128.0,360.0,1.0,5233.0,0,1,0,1,1,0,0,0,1,0,1,0,0,1,0,LP002537,train,Y
234.0,360.0,1.0,10833.0,0,1,0,1,1,0,0,0,1,0,1,0,0,1,0,LP002541,train,Y
246.0,360.0,1.0,8333.0,0,1,0,1,0,0,1,0,1,0,1,0,0,1,0,LP002543,train,Y
131.0,360.0,1.0,4394.0,0,1,0,1,0,1,0,0,0,1,1,0,1,0,0,LP002544,train,Y
80.0,360.0,0.0,3547.0,0,1,1,0,0,0,1,0,1,0,1,0,1,0,0,LP002545,train,N
500.0,360.0,1.0,18333.0,0,1,0,1,0,1,0,0,1,0,1,0,0,0,1,LP002547,train,N
160.0,360.0,1.0,6666.0,0,1,0,1,0,0,1,0,1,0,0,1,0,1,0,LP002555,train,Y
75.0,360.0,1.0,2435.0,0,1,1,0,1,0,0,0,1,0,1,0,0,0,1,LP002556,train,N
96.0,360.0,1.0,5484.0,0,1,1,0,1,0,0,0,0,1,1,0,0,1,0,LP002560,train,Y
186.0,360.0,1.0,6464.0,0,1,0,1,0,1,0,0,0,1,1,0,0,0,1,LP002562,train,Y
110.0,360.0,1.0,3691.0,0,1,1,0,1,0,0,0,0,1,1,0,1,0,0,LP002571,train,Y
225.0,360.0,1.0,17263.0,1,0,1,0,1,0,0,0,0,1,0,1,0,1,0,LP002582,train,Y
119.0,360.0,0.0,5754.0,0,1,0,1,1,0,0,0,1,0,1,0,1,0,0,LP002585,train,N
105.0,84.0,1.0,4239.0,1,0,0,1,0,1,0,0,1,0,1,0,0,1,0,LP002586,train,Y
107.0,360.0,1.0,4300.0,0,1,0,1,1,0,0,0,0,1,1,0,1,0,0,LP002587,train,Y
111.0,12.0,1.0,7482.0,0,1,0,1,1,0,0,0,1,0,1,0,0,0,1,LP002588,train,Y
95.0,360.0,1.0,2895.0,0,1,0,1,0,1,0,0,1,0,0,1,0,1,0,LP002600,train,Y
209.0,360.0,0.0,10699.0,0,1,1,0,1,0,0,0,1,0,1,0,1,0,0,LP002602,train,N
113.0,480.0,1.0,4328.0,1,0,1,0,1,0,0,0,1,0,1,0,1,0,0,LP002603,train,Y
100.0,360.0,1.0,3159.0,1,0,1,0,1,0,0,0,1,0,1,0,0,1,0,LP002606,train,Y
208.0,360.0,1.0,10489.0,0,1,0,1,0,0,1,0,1,0,1,0,0,1,0,LP002615,train,Y
138.0,360.0,1.0,9352.0,0,1,0,1,0,1,0,0,0,1,1,0,1,0,0,LP002618,train,N
124.0,300.0,1.0,5297.0,0,1,0,1,1,0,0,0,0,1,1,0,0,1,0,LP002619,train,Y
243.0,360.0,1.0,7926.0,0,1,0,1,0,0,1,0,1,0,1,0,1,0,0,LP002622,train,Y
480.0,360.0,1.0,27500.0,0,1,0,1,1,0,0,0,1,0,1,0,0,0,1,LP002624,train,Y
96.0,360.0,1.0,3583.0,0,1,1,0,1,0,0,0,1,0,1,0,0,0,1,LP002625,train,N
188.0,360.0,1.0,5492.0,0,1,0,1,1,0,0,0,1,0,0,1,0,0,1,LP002626,train,Y
40.0,360.0,1.0,13262.0,1,0,1,0,0,1,0,0,1,0,1,0,0,0,1,LP002634,train,Y
100.0,360.0,1.0,4885.0,0,1,1,0,1,0,0,0,0,1,1,0,1,0,0,LP002637,train,N
250.0,360.0,1.0,8069.0,0,1,0,1,0,1,0,0,1,0,1,0,0,1,0,LP002640,train,Y
148.0,360.0,1.0,5318.0,0,1,0,1,0,0,1,0,1,0,1,0,0,0,1,LP002643,train,Y
70.0,180.0,1.0,8796.0,0,1,0,1,1,0,0,0,1,0,1,0,0,1,0,LP002648,train,N
311.0,360.0,1.0,9481.0,0,1,1,0,1,0,0,0,1,0,1,0,1,0,0,LP002652,train,N
150.0,360.0,1.0,6894.0,0,1,0,1,0,0,0,1,1,0,1,0,1,0,0,LP002659,train,Y
113.0,480.0,1.0,3663.0,1,0,0,1,0,0,1,0,1,0,1,0,0,1,0,LP002670,train,Y
123.0,360.0,0.0,4874.0,0,1,0,1,1,0,0,0,0,1,1,0,0,1,0,LP002682,train,N
185.0,360.0,1.0,6598.0,0,1,1,0,1,0,0,0,1,0,1,0,0,1,0,LP002683,train,N
95.0,360.0,1.0,3400.0,1,0,1,0,1,0,0,0,0,1,1,0,1,0,0,LP002684,train,N
45.0,360.0,1.0,3934.0,0,1,0,1,0,0,1,0,0,1,1,0,0,1,0,LP002689,train,Y
55.0,360.0,1.0,2500.0,0,1,1,0,1,0,0,0,1,0,1,0,0,1,0,LP002690,train,Y
100.0,360.0,1.0,7101.0,0,1,0,1,0,0,0,1,1,0,0,1,1,0,0,LP002692,train,Y
480.0,360.0,1.0,15114.0,0,1,0,1,0,0,1,0,1,0,0,1,1,0,0,LP002693,train,Y
122.0,360.0,1.0,6767.0,0,1,1,0,1,0,0,0,1,0,1,0,0,1,0,LP002697,train,N
400.0,360.0,1.0,17500.0,0,1,0,1,0,0,1,0,1,0,0,1,1,0,0,LP002699,train,Y
110.0,360.0,1.0,3775.0,0,1,0,1,1,0,0,0,1,0,1,0,0,1,0,LP002705,train,Y
161.0,360.0,0.0,6715.0,0,1,0,1,0,1,0,0,0,1,1,0,0,1,0,LP002706,train,Y
94.0,360.0,1.0,3981.0,0,1,1,0,0,1,0,0,0,1,1,0,0,1,0,LP002714,train,Y
130.0,360.0,1.0,6783.0,0,1,1,0,1,0,0,0,0,1,1,0,0,1,0,LP002716,train,Y
216.0,360.0,1.0,6525.0,0,1,0,1,1,0,0,0,1,0,1,0,1,0,0,LP002717,train,Y
100.0,360.0,1.0,4281.0,0,1,0,1,0,0,0,1,1,0,1,0,0,0,1,LP002720,train,Y
110.0,360.0,0.0,3588.0,0,1,1,0,0,0,1,0,1,0,1,0,1,0,0,LP002723,train,N
196.0,360.0,1.0,11250.0,0,1,1,0,0,1,0,0,1,0,1,0,0,1,0,LP002729,train,N
125.0,360.0,1.0,18165.0,1,0,1,0,1,0,0,0,0,1,0,1,0,0,1,LP002731,train,Y
126.0,360.0,1.0,4592.0,0,1,1,0,1,0,0,0,0,1,1,0,1,0,0,LP002732,train,Y
324.0,360.0,1.0,10039.0,0,1,0,1,1,0,0,0,1,0,1,0,0,0,1,LP002734,train,Y
107.0,360.0,1.0,3617.0,0,1,1,0,0,0,1,0,1,0,1,0,0,1,0,LP002738,train,Y
66.0,360.0,1.0,3453.0,0,1,0,1,1,0,0,0,0,1,1,0,1,0,0,LP002739,train,N
157.0,180.0,1.0,6417.0,0,1,0,1,0,0,0,1,1,0,1,0,1,0,0,LP002740,train,Y
140.0,180.0,1.0,7453.0,1,0,0,1,0,1,0,0,1,0,1,0,0,1,0,LP002741,train,Y
99.0,360.0,0.0,2138.0,1,0,1,0,1,0,0,0,1,0,1,0,0,1,0,LP002743,train,N
95.0,360.0,1.0,3652.0,1,0,1,0,0,1,0,0,1,0,1,0,0,1,0,LP002753,train,Y
128.0,360.0,1.0,4763.0,0,1,0,1,0,1,0,0,0,1,1,0,0,0,1,LP002755,train,Y
102.0,360.0,1.0,3680.0,1,0,0,1,1,0,0,0,0,1,1,0,0,1,0,LP002757,train,Y
155.0,360.0,1.0,4718.0,0,1,0,1,1,0,0,0,1,0,1,0,1,0,0,LP002767,train,Y
80.0,36.0,1.0,3358.0,0,1,1,0,1,0,0,0,0,1,1,0,0,1,0,LP002768,train,N
145.0,360.0,1.0,4309.0,0,1,1,0,1,0,0,0,1,0,1,0,1,0,0,LP002772,train,Y
103.0,360.0,0.0,5000.0,1,0,1,0,1,0,0,0,1,0,1,0,0,1,0,LP002776,train,N
110.0,360.0,1.0,4801.0,0,1,0,1,1,0,0,0,1,0,1,0,1,0,0,LP002777,train,Y
151.0,360.0,0.0,6633.0,0,1,0,1,0,0,1,0,1,0,0,1,1,0,0,LP002778,train,N
126.5,360.0,1.0,4867.0,0,1,0,1,0,1,0,0,0,1,1,0,1,0,0,LP002784,train,Y
158.0,360.0,1.0,6583.0,0,1,0,1,0,1,0,0,1,0,1,0,0,0,1,LP002785,train,Y
181.0,360.0,0.0,4787.0,0,1,0,1,1,0,0,0,0,1,1,0,0,0,1,LP002788,train,N
132.0,180.0,0.0,7859.0,0,1,0,1,1,0,0,0,1,0,1,0,1,0,0,LP002789,train,N
26.0,360.0,1.0,6500.0,0,1,0,1,0,1,0,0,1,0,1,0,0,1,0,LP002792,train,Y
84.0,360.0,1.0,4292.0,1,0,1,0,1,0,0,0,1,0,1,0,0,0,1,LP002794,train,Y
260.0,360.0,1.0,10139.0,0,1,0,1,0,0,0,1,1,0,0,1,0,1,0,LP002795,train,Y
162.0,360.0,1.0,6556.0,0,1,0,1,1,0,0,0,1,0,1,0,0,1,0,LP002798,train,Y
182.0,360.0,1.0,6486.0,1,0,0,1,1,0,0,0,1,0,1,0,0,1,0,LP002804,train,Y
108.0,360.0,1.0,3917.0,0,1,0,1,0,0,1,0,0,1,1,0,0,1,0,LP002807,train,Y
600.0,360.0,1.0,19484.0,1,0,0,1,0,1,0,0,1,0,0,1,0,1,0,LP002813,train,Y
211.0,360.0,1.0,7977.0,0,1,0,1,1,0,0,0,1,0,1,0,1,0,0,LP002820,train,Y
132.0,360.0,1.0,5800.0,0,1,1,0,1,0,0,0,0,1,0,1,0,1,0,LP002821,train,Y
258.0,360.0,0.0,8799.0,0,1,0,1,0,0,1,0,1,0,1,0,0,0,1,LP002832,train,N
120.0,360.0,1.0,4467.0,0,1,0,1,1,0,0,0,0,1,1,0,1,0,0,LP002833,train,Y
70.0,360.0,1.0,3333.0,0,1,1,0,1,0,0,0,1,0,1,0,0,0,1,LP002836,train,Y
123.0,360.0,0.0,5900.0,0,1,0,1,0,0,0,1,1,0,1,0,1,0,0,LP002837,train,N
9.0,360.0,1.0,2378.0,1,0,1,0,1,0,0,0,1,0,1,0,0,0,1,LP002840,train,N
104.0,360.0,0.0,5230.0,0,1,0,1,1,0,0,0,1,0,1,0,0,0,1,LP002841,train,N
186.0,360.0,1.0,5167.0,0,1,0,1,0,1,0,0,1,0,1,0,0,0,1,LP002842,train,Y
165.0,360.0,0.0,6567.0,0,1,0,1,1,0,0,0,1,0,1,0,0,0,1,LP002847,train,N
275.0,360.0,1.0,16666.0,0,1,0,1,0,0,1,0,1,0,1,0,0,0,1,LP002855,train,Y
187.0,480.0,1.0,7750.0,0,1,0,1,0,0,1,0,0,1,1,0,0,1,0,LP002862,train,N
150.0,360.0,1.0,6406.0,0,1,0,1,0,0,0,1,1,0,1,0,0,1,0,LP002863,train,N
108.0,84.0,1.0,3620.0,0,1,0,1,0,0,1,0,1,0,1,0,0,0,1,LP002868,train,Y
136.0,360.0,0.0,5297.0,0,1,0,1,1,0,0,0,1,0,1,0,0,1,0,LP002872,train,N
110.0,360.0,1.0,5968.0,0,1,1,0,1,0,0,0,1,0,1,0,0,0,1,LP002874,train,Y
107.0,360.0,1.0,4014.0,0,1,0,1,0,1,0,0,1,0,1,0,1,0,0,LP002877,train,Y
161.0,360.0,1.0,6099.0,0,1,1,0,1,0,0,0,1,0,1,0,0,0,1,LP002888,train,Y
205.0,360.0,1.0,6540.0,0,1,0,1,0,0,1,0,1,0,1,0,0,1,0,LP002892,train,Y
90.0,360.0,1.0,35673.0,0,1,1,0,1,0,0,0,1,0,1,0,0,0,1,LP002893,train,N
36.0,360.0,1.0,3166.0,1,0,0,1,1,0,0,0,1,0,1,0,0,1,0,LP002894,train,Y
61.0,360.0,1.0,1880.0,0,1,0,1,0,1,0,0,1,0,1,0,1,0,0,LP002898,train,N
146.0,360.0,0.0,4704.0,0,1,0,1,0,1,0,0,1,0,1,0,1,0,0,LP002911,train,N
172.0,84.0,1.0,7283.0,0,1,0,1,0,1,0,0,1,0,1,0,1,0,0,LP002912,train,N
104.0,360.0,1.0,3819.0,0,1,0,1,1,0,0,0,1,0,1,0,0,0,1,LP002916,train,Y
70.0,360.0,1.0,2165.0,1,0,1,0,1,0,0,0,0,1,1,0,0,1,0,LP002917,train,Y
94.0,360.0,1.0,4750.0,0,1,1,0,1,0,0,0,1,0,1,0,0,1,0,LP002925,train,Y
106.0,360.0,0.0,2726.0,0,1,0,1,0,0,1,0,1,0,0,1,0,1,0,LP002926,train,N
56.0,180.0,1.0,6416.0,0,1,0,1,1,0,0,0,1,0,1,0,0,1,0,LP002928,train,Y
205.0,240.0,1.0,6000.0,0,1,0,1,0,0,1,0,1,0,0,1,0,1,0,LP002931,train,N
292.0,360.0,1.0,9357.0,0,1,1,0,0,0,0,1,1,0,0,1,0,1,0,LP002933,train,Y
142.0,180.0,1.0,7159.0,0,1,0,1,1,0,0,0,1,0,1,0,1,0,0,LP002936,train,Y
260.0,360.0,1.0,16120.0,0,1,0,1,1,0,0,0,1,0,0,1,0,0,1,LP002938,train,Y
110.0,360.0,1.0,3833.0,0,1,1,0,1,0,0,0,0,1,1,0,1,0,0,LP002940,train,Y
187.0,360.0,1.0,7383.0,0,1,0,1,0,0,1,0,0,1,0,1,1,0,0,LP002941,train,N
88.0,360.0,0.0,2987.0,0,1,1,0,1,0,0,0,1,0,1,0,0,1,0,LP002943,train,N
180.0,360.0,1.0,9963.0,0,1,0,1,1,0,0,0,1,0,0,1,1,0,0,LP002945,train,Y
192.0,360.0,1.0,5780.0,0,1,0,1,0,0,1,0,1,0,1,0,0,0,1,LP002948,train,Y
350.0,180.0,1.0,42083.0,1,0,1,0,0,0,0,1,1,0,1,0,0,0,1,LP002949,train,N
155.0,360.0,1.0,5686.0,0,1,0,1,1,0,0,0,0,1,1,0,1,0,0,LP002950,train,Y
128.0,360.0,1.0,5703.0,0,1,0,1,0,0,0,1,1,0,1,0,0,0,1,LP002953,train,Y
172.0,360.0,1.0,7977.0,0,1,1,0,1,0,0,0,1,0,1,0,1,0,0,LP002958,train,Y
496.0,360.0,1.0,12000.0,1,0,0,1,0,1,0,0,1,0,1,0,0,1,0,LP002959,train,Y
125.0,180.0,1.0,6200.0,0,1,0,1,1,0,0,0,0,1,1,0,0,0,1,LP002960,train,N
173.0,360.0,1.0,5900.0,0,1,0,1,0,1,0,0,1,0,1,0,0,1,0,LP002961,train,Y
157.0,360.0,1.0,5398.0,0,1,0,1,0,0,1,0,0,1,1,0,1,0,0,LP002964,train,Y
108.0,360.0,1.0,5182.0,0,1,0,1,1,0,0,0,1,0,1,0,1,0,0,LP002974,train,Y
71.0,360.0,1.0,2900.0,1,0,1,0,1,0,0,0,1,0,1,0,1,0,0,LP002978,train,Y
40.0,180.0,1.0,4106.0,0,1,0,1,0,0,0,1,1,0,1,0,1,0,0,LP002979,train,Y
253.0,360.0,1.0,8312.0,0,1,0,1,0,1,0,0,1,0,1,0,0,0,1,LP002983,train,Y
187.0,360.0,1.0,7583.0,0,1,0,1,0,0,1,0,1,0,1,0,0,0,1,LP002984,train,Y
133.0,360.0,0.0,4583.0,1,0,1,0,1,0,0,0,1,0,0,1,0,1,0,LP002990,train,N
110.0,360.0,1.0,5720.0,0,1,0,1,1,0,0,0,1,0,1,0,0,0,1,LP001015,test,
126.0,360.0,1.0,4576.0,0,1,0,1,0,1,0,0,1,0,1,0,0,0,1,LP001022,test,
208.0,360.0,1.0,6800.0,0,1,0,1,0,0,1,0,1,0,1,0,0,0,1,LP001031,test,
100.0,360.0,1.0,4886.0,0,1,0,1,0,0,1,0,1,0,1,0,0,0,1,LP001035,test,
78.0,360.0,1.0,3276.0,0,1,1,0,1,0,0,0,0,1,1,0,0,0,1,LP001051,test,
152.0,360.0,1.0,5587.0,0,1,0,1,1,0,0,0,0,1,0,1,0,0,1,LP001054,test,
59.0,360.0,1.0,2226.0,1,0,1,0,0,1,0,0,0,1,1,0,0,1,0,LP001055,test,
147.0,360.0,0.0,3881.0,0,1,0,1,0,0,1,0,0,1,1,0,1,0,0,LP001056,test,
280.0,240.0,1.0,13633.0,0,1,0,1,0,0,1,0,1,0,1,0,0,0,1,LP001059,test,
123.0,360.0,1.0,4800.0,0,1,1,0,1,0,0,0,0,1,1,0,0,1,0,LP001067,test,
90.0,360.0,1.0,3091.0,0,1,1,0,1,0,0,0,0,1,1,0,0,0,1,LP001078,test,
162.0,360.0,1.0,3701.0,0,1,0,1,0,1,0,0,1,0,1,0,0,1,0,LP001082,test,
40.0,180.0,1.0,4166.0,0,1,1,0,0,0,0,1,1,0,1,0,0,0,1,LP001083,test,
166.0,360.0,0.0,12173.0,0,1,0,1,0,0,1,0,1,0,1,0,0,1,0,LP001094,test,
124.0,360.0,1.0,4666.0,1,0,1,0,1,0,0,0,1,0,1,0,0,1,0,LP001096,test,
131.0,360.0,1.0,5667.0,0,1,1,0,0,1,0,0,1,0,1,0,0,0,1,LP001099,test,
200.0,360.0,1.0,7499.0,0,1,0,1,0,0,1,0,1,0,1,0,0,0,1,LP001105,test,
126.0,360.0,1.0,4119.0,0,1,0,1,0,0,0,1,1,0,1,0,0,1,0,LP001107,test,
300.0,360.0,1.0,17142.0,0,1,0,1,1,0,0,0,1,0,1,0,0,0,1,LP001108,test,
100.0,180.0,1.0,4770.0,0,1,1,0,1,0,0,0,1,0,1,0,0,1,0,LP001115,test,
48.0,360.0,1.0,3508.0,0,1,0,1,0,1,0,0,0,1,1,0,0,0,1,LP001121,test,
28.0,180.0,1.0,2083.0,1,0,1,0,0,0,0,1,0,1,1,0,0,0,1,LP001124,test,
101.0,360.0,1.0,3909.0,0,1,1,0,1,0,0,0,1,0,1,0,0,0,1,LP001128,test,
125.0,360.0,1.0,3765.0,1,0,1,0,1,0,0,0,0,1,1,0,0,0,1,LP001135,test,
290.0,360.0,1.0,9780.0,0,1,0,1,1,0,0,0,1,0,1,0,0,0,1,LP001149,test,
148.0,360.0,0.0,24000.0,0,1,1,0,1,0,0,0,1,0,1,0,1,0,0,LP001153,test,
140.0,360.0,1.0,5613.0,0,1,0,1,0,0,1,0,1,0,1,0,0,0,1,LP001163,test,
275.0,360.0,1.0,11250.0,0,1,0,1,1,0,0,0,1,0,1,0,0,0,1,LP001169,test,
57.0,360.0,1.0,4605.0,0,1,0,1,1,0,0,0,1,0,1,0,0,1,0,LP001174,test,
125.0,180.0,1.0,5324.0,0,1,1,0,1,0,0,0,1,0,1,0,0,0,1,LP001176,test,
75.0,360.0,1.0,2478.0,1,0,1,0,1,0,0,0,0,1,1,0,0,1,0,LP001177,test,
192.0,360.0,1.0,7070.0,0,1,0,1,0,0,1,0,1,0,1,0,0,0,1,LP001183,test,
152.0,360.0,1.0,4951.0,0,1,1,0,1,0,0,0,1,0,1,0,0,1,0,LP001185,test,
158.0,360.0,1.0,5491.0,0,1,0,1,1,0,0,0,1,0,1,0,0,0,1,LP001187,test,
101.0,360.0,1.0,4281.0,0,1,0,1,1,0,0,0,1,0,1,0,0,0,1,LP001190,test,
176.0,360.0,0.0,3150.0,0,1,1,0,1,0,0,0,1,0,1,0,0,1,0,LP001203,test,
185.0,180.0,1.0,11379.0,0,1,0,1,0,0,1,0,1,0,1,0,0,0,1,LP001208,test,
90.0,360.0,1.0,5059.0,0,1,0,1,1,0,0,0,1,0,0,1,0,0,1,LP001210,test,
116.0,360.0,1.0,5833.0,0,1,1,0,1,0,0,0,1,0,0,1,0,0,1,LP001211,test,
138.0,360.0,1.0,5606.0,0,1,1,0,1,0,0,0,1,0,1,0,0,0,1,LP001219,test,
100.0,360.0,1.0,6447.0,0,1,0,1,1,0,0,0,1,0,1,0,0,0,1,LP001220,test,
110.0,360.0,1.0,3644.0,1,0,1,0,1,0,0,0,1,0,1,0,0,0,1,LP001221,test,
90.0,360.0,1.0,3774.0,0,1,0,1,1,0,0,0,0,1,1,0,0,1,0,LP001226,test,
200.0,360.0,1.0,9100.0,0,1,1,0,1,0,0,0,1,0,1,0,0,1,0,LP001230,test,
84.0,360.0,1.0,3666.0,1,0,1,0,1,0,0,0,1,0,1,0,0,0,1,LP001231,test,
185.0,360.0,1.0,8160.0,0,1,0,1,1,0,0,0,1,0,1,0,0,0,1,LP001232,test,
162.0,360.0,1.0,5638.0,0,1,0,1,1,0,0,0,0,1,1,0,0,0,1,LP001237,test,
108.0,360.0,1.0,4258.0,0,1,1,0,1,0,0,0,0,1,1,0,0,1,0,LP001242,test,
187.0,360.0,1.0,10130.0,0,1,1,0,1,0,0,0,1,0,1,0,0,0,1,LP001268,test,
187.0,360.0,1.0,8250.0,0,1,0,1,0,0,0,1,0,1,0,1,0,1,0,LP001270,test,
124.0,360.0,1.0,4126.0,0,1,0,1,0,1,0,0,1,0,1,0,0,0,1,LP001284,test,
120.0,360.0,1.0,4333.0,0,1,0,1,0,0,0,1,0,1,1,0,0,1,0,LP001287,test,
160.0,360.0,1.0,6577.0,0,1,0,1,0,1,0,0,1,0,1,0,0,1,0,LP001291,test,
30.0,180.0,1.0,5116.0,0,1,0,1,0,0,1,0,1,0,1,0,0,0,1,LP001298,test,
92.0,360.0,1.0,5293.0,0,1,0,1,1,0,0,0,0,1,0,1,0,0,1,LP001312,test,
130.0,360.0,0.0,2750.0,0,1,1,0,1,0,0,0,1,0,1,0,0,0,1,LP001313,test,
130.0,360.0,1.0,4402.0,1,0,1,0,1,0,0,0,0,1,1,0,1,0,0,LP001317,test,
134.0,180.0,1.0,7152.0,0,1,0,1,0,0,1,0,1,0,1,0,0,1,0,LP001321,test,
176.0,360.0,0.0,6443.0,1,0,0,1,0,0,1,0,1,0,1,0,0,1,0,LP001323,test,
90.0,180.0,1.0,4720.0,0,1,0,1,0,0,0,1,1,0,1,0,0,1,0,LP001324,test,
110.0,360.0,1.0,4136.0,0,1,0,1,1,0,0,0,0,1,1,0,0,1,0,LP001332,test,
125.0,360.0,1.0,7308.0,0,1,0,1,1,0,0,0,1,0,0,1,0,0,1,LP001335,test,
189.0,360.0,1.0,4968.0,1,0,1,0,0,0,1,0,1,0,1,0,0,1,0,LP001338,test,
108.0,360.0,0.0,3601.0,1,0,1,0,1,0,0,0,1,0,1,0,1,0,0,LP001347,test,
125.0,360.0,1.0,4490.0,0,1,0,1,0,0,0,1,0,1,1,0,0,0,1,LP001348,test,
138.0,360.0,1.0,6500.0,0,1,0,1,1,0,0,0,1,0,1,0,0,1,0,LP001351,test,
135.0,360.0,0.0,4700.0,0,1,0,1,1,0,0,0,0,1,1,0,0,1,0,LP001352,test,
130.0,360.0,0.0,3445.0,0,1,0,1,1,0,0,0,1,0,1,0,0,1,0,LP001358,test,
187.0,360.0,1.0,7666.0,0,1,0,1,1,0,0,0,1,0,1,0,0,1,0,LP001359,test,
188.0,360.0,0.0,7563.0,0,1,0,1,1,0,0,0,1,0,1,0,1,0,0,LP001361,test,
95.0,360.0,1.0,3250.0,1,0,1,0,1,0,0,0,1,0,1,0,0,1,0,LP001366,test,
65.0,360.0,1.0,4463.0,0,1,1,0,1,0,0,0,1,0,1,0,0,1,0,LP001368,test,
139.0,60.0,1.0,5858.0,0,1,0,1,0,1,0,0,1,0,1,0,0,0,1,LP001375,test,
232.0,360.0,1.0,5994.0,0,1,0,1,1,0,0,0,1,0,0,1,1,0,0,LP001380,test,
144.0,360.0,1.0,8333.0,0,1,0,1,1,0,0,0,0,1,1,0,0,1,0,LP001386,test,
155.0,360.0,1.0,7018.0,0,1,1,0,1,0,0,0,1,0,1,0,0,0,1,LP001400,test,
186.0,360.0,1.0,5556.0,0,1,0,1,1,0,0,0,1,0,1,0,0,0,1,LP001407,test,
50.0,360.0,1.0,6356.0,0,1,1,0,1,0,0,0,1,0,0,1,1,0,0,LP001413,test,
135.5,360.0,1.0,7466.0,0,1,0,1,0,1,0,0,1,0,1,0,0,1,0,LP001415,test,
185.0,360.0,1.0,7950.0,1,0,0,1,1,0,0,0,1,0,1,0,0,0,1,LP001419,test,
163.0,360.0,0.0,4932.0,0,1,0,1,0,0,0,1,1,0,1,0,0,0,1,LP001420,test,
360.0,360.0,1.0,72529.0,0,1,0,1,0,0,0,1,1,0,1,0,0,0,1,LP001428,test,
149.0,480.0,0.0,4136.0,0,1,0,1,0,0,1,0,0,1,1,0,1,0,0,LP001445,test,
257.0,360.0,1.0,8449.0,0,1,0,1,1,0,0,0,1,0,1,0,1,0,0,LP001446,test,
131.0,180.0,0.0,4456.0,0,1,0,1,1,0,0,0,1,0,1,0,0,1,0,LP001450,test,
102.0,180.0,1.0,12635.0,0,1,0,1,0,0,1,0,1,0,1,0,1,0,0,LP001452,test,
135.0,360.0,1.0,5488.0,0,1,0,1,1,0,0,0,1,0,1,0,0,0,1,LP001455,test,
95.0,360.0,1.0,3066.0,0,1,1,0,1,0,0,0,1,0,1,0,0,1,0,LP001466,test,
77.0,360.0,1.0,5250.0,0,1,1,0,0,0,1,0,0,1,1,0,0,1,0,LP001471,test,
200.0,360.0,1.0,5058.0,1,0,1,0,1,0,0,0,1,0,1,0,1,0,0,LP001472,test,
130.0,360.0,1.0,5474.0,0,1,0,1,1,0,0,0,1,0,0,1,1,0,0,LP001475,test,
390.0,360.0,1.0,13518.0,0,1,0,1,0,0,0,1,1,0,1,0,1,0,0,LP001483,test,
185.0,360.0,1.0,6864.0,0,1,0,1,0,1,0,0,1,0,1,0,0,1,0,LP001486,test,
100.0,360.0,1.0,6412.0,0,1,0,1,0,0,1,0,0,1,1,0,0,1,0,LP001490,test,
123.0,360.0,0.0,6942.0,0,1,0,1,0,1,0,0,1,0,1,0,0,1,0,LP001496,test,
110.0,360.0,1.0,6260.0,1,0,0,1,0,0,0,1,1,0,1,0,0,1,0,LP001499,test,
256.0,360.0,1.0,7533.0,0,1,0,1,0,1,0,0,1,0,1,0,0,0,1,LP001500,test,
140.0,360.0,1.0,6750.0,0,1,0,1,1,0,0,0,1,0,1,0,0,1,0,LP001501,test,
61.0,360.0,1.0,9719.0,0,1,0,1,0,0,0,1,1,0,1,0,0,0,1,LP001517,test,
188.0,360.0,1.0,6835.0,0,1,0,1,0,0,0,1,1,0,1,0,0,1,0,LP001527,test,
131.0,360.0,1.0,4452.0,0,1,1,0,1,0,0,0,1,0,1,0,1,0,0,LP001534,test,
124.5,480.0,0.0,2262.0,1,0,0,1,1,0,0,0,1,0,1,0,0,1,0,LP001542,test,
116.0,360.0,1.0,3901.0,0,1,0,1,0,1,0,0,1,0,1,0,0,0,1,LP001547,test,
50.0,180.0,1.0,2687.0,0,1,0,1,0,0,1,0,0,1,1,0,1,0,0,LP001548,test,
107.0,360.0,1.0,4476.0,0,1,1,0,1,0,0,0,1,0,1,0,0,1,0,LP001558,test,
200.0,360.0,1.0,4704.0,1,0,0,1,1,0,0,0,1,0,1,0,0,1,0,LP001561,test,
119.0,360.0,0.0,3356.0,0,1,1,0,1,0,0,0,1,0,1,0,0,0,1,LP001563,test,
120.0,360.0,1.0,4513.0,0,1,0,1,0,0,0,1,1,0,1,0,1,0,0,LP001567,test,
140.0,360.0,1.0,4500.0,0,1,0,1,1,0,0,0,1,0,1,0,0,1,0,LP001568,test,
165.0,360.0,1.0,5873.0,0,1,0,1,1,0,0,0,0,1,1,0,0,0,1,LP001573,test,
108.0,360.0,1.0,4742.0,1,0,1,0,1,0,0,0,1,0,0,1,0,1,0,LP001584,test,
93.0,360.0,1.0,4082.0,0,1,0,1,1,0,0,0,1,0,1,0,0,1,0,LP001587,test,
102.0,360.0,1.0,3417.0,1,0,1,0,1,0,0,0,1,0,1,0,0,0,1,LP001589,test,
122.0,360.0,1.0,6318.0,1,0,0,1,0,0,1,0,1,0,1,0,0,1,0,LP001591,test,
160.0,360.0,1.0,8921.0,0,1,0,1,1,0,0,0,1,0,1,0,1,0,0,LP001599,test,
157.0,360.0,1.0,8366.0,0,1,1,0,0,0,0,1,1,0,1,0,0,1,0,LP001601,test,
180.0,360.0,1.0,1760.0,1,0,1,0,1,0,0,0,0,1,1,0,0,1,0,LP001607,test,
80.0,360.0,0.0,4416.0,0,1,0,1,0,1,0,0,1,0,1,0,1,0,0,LP001611,test,
104.0,360.0,0.0,4428.0,1,0,1,0,1,0,0,0,1,0,1,0,0,0,1,LP001613,test,
213.0,360.0,0.0,4234.0,0,1,0,1,0,0,1,0,1,0,1,0,1,0,0,LP001622,test,
65.0,360.0,1.0,3125.0,0,1,1,0,1,0,0,0,1,0,1,0,0,0,1,LP001627,test,
146.0,360.0,1.0,6136.0,0,1,0,1,1,0,0,0,1,0,1,0,1,0,0,LP001650,test,
135.0,360.0,1.0,4910.0,0,1,0,1,0,0,0,1,1,0,1,0,0,0,1,LP001651,test,
187.0,360.0,0.0,8914.0,0,1,1,0,1,0,0,0,1,0,1,0,1,0,0,LP001652,test,
300.0,360.0,0.0,12500.0,1,0,1,0,1,0,0,0,1,0,1,0,0,0,1,LP001655,test,
120.0,360.0,1.0,4667.0,0,1,1,0,1,0,0,0,1,0,1,0,0,1,0,LP001660,test,
71.0,360.0,0.0,6500.0,0,1,1,0,1,0,0,0,1,0,1,0,0,0,1,LP001662,test,
225.0,360.0,1.0,7500.0,0,1,0,1,0,0,1,0,1,0,1,0,0,0,1,LP001663,test,
70.0,180.0,1.0,3073.0,0,1,1,0,1,0,0,0,1,0,1,0,0,0,1,LP001667,test,
70.0,360.0,1.0,5409.0,0,1,0,1,0,1,0,0,0,1,1,0,0,1,0,LP001695,test,
124.0,360.0,1.0,4603.0,0,1,0,1,1,0,0,0,1,0,1,0,0,0,1,LP001703,test,
132.0,360.0,1.0,3391.0,0,1,1,0,1,0,0,0,1,0,1,0,1,0,0,LP001718,test,
105.0,360.0,1.0,4860.0,0,1,0,1,0,1,0,0,1,0,0,1,1,0,0,LP001728,test,
90.0,360.0,1.0,3620.0,1,0,1,0,0,1,0,0,1,0,1,0,0,0,1,LP001735,test,
83.0,84.0,1.0,4000.0,0,1,1,0,1,0,0,0,1,0,1,0,0,0,1,LP001737,test,
125.0,360.0,1.0,4258.0,0,1,0,1,1,0,0,0,1,0,1,0,0,0,1,LP001739,test,
147.0,360.0,1.0,4500.0,0,1,0,1,0,0,1,0,1,0,1,0,1,0,0,LP001742,test,
120.0,360.0,1.0,4939.0,0,1,0,1,0,1,0,0,1,0,1,0,1,0,0,LP001757,test,
110.0,360.0,1.0,4583.0,0,1,1,0,1,0,0,0,1,0,1,0,0,1,0,LP001769,test,
103.0,360.0,1.0,4083.0,1,0,1,0,0,0,0,1,1,0,1,0,0,1,0,LP001771,test,
150.0,360.0,0.0,4727.0,0,1,1,0,1,0,0,0,1,0,1,0,1,0,0,LP001785,test,
100.0,240.0,1.0,6088.0,0,1,0,1,0,0,0,1,1,0,1,0,1,0,0,LP001787,test,
139.0,360.0,0.0,7322.0,0,1,0,1,0,0,0,1,0,1,1,0,0,0,1,LP001789,test,
550.0,360.0,1.0,32000.0,0,1,0,1,1,0,0,0,1,0,0,1,0,1,0,LP001791,test,
260.0,12.0,1.0,10890.0,0,1,0,1,0,0,1,0,1,0,0,1,1,0,0,LP001794,test,
150.0,300.0,1.0,12941.0,1,0,1,0,1,0,0,0,1,0,1,0,0,0,1,LP001797,test,
90.0,360.0,1.0,3276.0,0,1,1,0,1,0,0,0,0,1,1,0,0,1,0,LP001815,test,
199.0,360.0,0.0,8703.0,0,1,1,0,1,0,0,0,0,1,0,1,1,0,0,LP001817,test,
139.0,360.0,1.0,5459.0,0,1,0,1,0,1,0,0,1,0,1,0,0,1,0,LP001818,test,
150.0,360.0,1.0,5900.0,0,1,1,0,1,0,0,0,1,0,1,0,0,0,1,LP001822,test,
180.0,360.0,1.0,7380.0,0,1,1,0,1,0,0,0,1,0,1,0,0,0,1,LP001827,test,
113.0,360.0,1.0,4239.0,0,1,0,1,1,0,0,0,1,0,1,0,0,0,1,LP001831,test,
148.0,360.0,1.0,5000.0,0,1,1,0,1,0,0,0,1,0,1,0,1,0,0,LP001842,test,
117.0,360.0,0.0,4823.0,0,1,0,1,0,1,0,0,0,1,1,0,0,0,1,LP001853,test,
72.0,360.0,1.0,4855.0,0,1,0,1,0,0,1,0,1,0,1,0,1,0,0,LP001855,test,
125.0,300.0,1.0,4073.0,0,1,1,0,1,0,0,0,0,1,0,1,0,1,0,LP001857,test,
214.0,360.0,1.0,8492.0,0,1,0,1,0,0,1,0,1,0,0,1,0,0,1,LP001862,test,
133.0,350.0,1.0,6624.0,0,1,0,1,1,0,0,0,1,0,1,0,1,0,0,LP001867,test,
187.0,360.0,1.0,8352.0,0,1,1,0,0,1,0,0,1,0,1,0,0,1,0,LP001878,test,
143.0,360.0,1.0,7895.0,0,1,0,1,1,0,0,0,0,1,1,0,1,0,0,LP001881,test,
209.0,360.0,1.0,8406.0,0,1,1,0,1,0,0,0,1,0,1,0,1,0,0,LP001886,test,
84.0,360.0,0.0,2964.0,0,1,1,0,1,0,0,0,1,0,1,0,0,1,0,LP001906,test,
116.0,360.0,1.0,5583.0,0,1,1,0,1,0,0,0,1,0,1,0,0,0,1,LP001909,test,
65.0,360.0,1.0,2708.0,1,0,1,0,1,0,0,0,1,0,1,0,1,0,0,LP001911,test,
80.0,240.0,1.0,5550.0,0,1,1,0,0,1,0,0,1,0,1,0,1,0,0,LP001921,test,
170.0,360.0,0.0,2268.0,0,1,1,0,1,0,0,0,0,1,1,0,0,1,0,LP001923,test,
120.0,360.0,0.0,3158.0,0,1,1,0,0,0,1,0,0,1,1,0,0,0,1,LP001933,test,
135.0,360.0,1.0,6209.0,0,1,0,1,1,0,0,0,1,0,1,0,0,0,1,LP001943,test,
94.0,360.0,0.0,4685.0,1,0,0,1,0,0,0,1,1,0,1,0,0,1,0,LP001950,test,
79.0,360.0,1.0,3564.0,1,0,0,1,0,1,0,0,1,0,1,0,1,0,0,LP001959,test,
110.0,360.0,1.0,3958.0,1,0,1,0,1,0,0,0,1,0,1,0,1,0,0,LP001961,test,
130.0,360.0,1.0,4483.0,0,1,0,1,0,0,1,0,0,1,1,0,1,0,0,LP001973,test,
143.0,360.0,1.0,5225.0,0,1,0,1,1,0,0,0,1,0,1,0,1,0,0,LP001975,test,
159.0,180.0,0.0,5862.0,0,1,1,0,1,0,0,0,1,0,1,0,0,0,1,LP001979,test,
110.0,360.0,0.0,4251.0,0,1,0,1,1,0,0,0,0,1,1,0,1,0,0,LP001995,test,
160.0,360.0,1.0,9526.0,0,1,0,1,0,0,1,0,1,0,1,0,1,0,0,LP001999,test,
131.0,360.0,1.0,5833.0,0,1,0,1,0,0,1,0,0,1,1,0,0,0,1,LP002007,test,
65.0,360.0,1.0,2918.0,1,0,1,0,1,0,0,0,1,0,1,0,1,0,0,LP002009,test,
143.0,360.0,1.0,5128.0,0,1,0,1,0,0,1,0,1,0,1,0,1,0,0,LP002016,test,
187.0,360.0,1.0,15312.0,0,1,0,1,0,0,0,1,1,0,1,0,0,0,1,LP002017,test,
160.0,360.0,1.0,6590.0,0,1,0,1,0,0,1,0,1,0,1,0,0,1,0,LP002018,test,
165.0,360.0,1.0,7279.0,0,1,0,1,1,0,0,0,1,0,1,0,0,1,0,LP002027,test,
110.0,360.0,1.0,4358.0,0,1,0,1,0,0,1,0,1,0,1,0,0,0,1,LP002028,test,
173.0,360.0,1.0,7917.0,1,0,0,1,0,1,0,0,1,0,1,0,1,0,0,LP002042,test,
150.0,360.0,1.0,10916.0,0,1,0,1,0,0,0,1,1,0,1,0,0,0,1,LP002045,test,
135.0,360.0,1.0,4483.0,0,1,0,1,1,0,0,0,0,1,1,0,0,1,0,LP002046,test,
150.0,360.0,1.0,5705.0,0,1,0,1,0,0,1,0,0,1,1,0,0,1,0,LP002047,test,
235.0,360.0,1.0,9167.0,0,1,0,1,0,0,1,0,1,0,1,0,0,1,0,LP002056,test,
126.5,360.0,1.0,13083.0,0,1,0,1,1,0,0,0,0,1,1,0,1,0,0,LP002057,test,
336.0,360.0,1.0,11841.0,0,1,0,1,0,0,1,0,1,0,1,0,1,0,0,LP002059,test,
132.0,84.0,1.0,4333.0,1,0,0,1,0,1,0,0,1,0,1,0,1,0,0,LP002062,test,
96.0,360.0,1.0,4083.0,0,1,1,0,1,0,0,0,1,0,1,0,0,0,1,LP002064,test,
180.0,360.0,0.0,6697.0,0,1,0,1,0,0,1,0,0,1,1,0,1,0,0,LP002069,test,
128.0,360.0,0.0,4652.0,0,1,0,1,0,0,0,1,0,1,1,0,1,0,0,LP002070,test,
412.0,360.0,1.0,12690.0,0,1,0,1,0,1,0,0,1,0,1,0,0,1,0,LP002077,test,
116.0,360.0,1.0,5833.0,0,1,1,0,1,0,0,0,1,0,0,1,0,0,1,LP002083,test,
114.0,360.0,0.0,4796.0,0,1,0,1,0,1,0,0,1,0,1,0,0,1,0,LP002090,test,
115.0,360.0,1.0,3600.0,0,1,0,1,1,0,0,0,0,1,1,0,1,0,0,LP002096,test,
104.0,360.0,0.0,3240.0,0,1,0,1,0,0,1,0,1,0,1,0,0,0,1,LP002099,test,
88.0,360.0,1.0,3342.0,0,1,0,1,1,0,0,0,1,0,0,1,1,0,0,LP002102,test,
108.0,480.0,1.0,8706.0,0,1,0,1,1,0,0,0,1,0,0,1,1,0,0,LP002105,test,
90.0,360.0,1.0,3397.0,0,1,0,1,0,0,0,1,0,1,1,0,0,0,1,LP002107,test,
100.0,360.0,1.0,4316.0,0,1,0,1,1,0,0,0,1,0,1,0,0,0,1,LP002111,test,
108.0,360.0,1.0,5533.0,1,0,0,1,1,0,0,0,1,0,1,0,0,1,0,LP002117,test,
78.0,360.0,1.0,3089.0,1,0,1,0,1,0,0,0,1,0,1,0,0,1,0,LP002118,test,
123.0,360.0,1.0,5030.0,0,1,0,1,1,0,0,0,1,0,1,0,0,1,0,LP002123,test,
187.0,360.0,1.0,7560.0,0,1,0,1,0,1,0,0,1,0,1,0,0,1,0,LP002125,test,
146.0,360.0,1.0,4157.0,0,1,0,1,0,1,0,0,1,0,1,0,0,1,0,LP002148,test,
80.0,360.0,1.0,4213.0,1,0,1,0,1,0,0,0,1,0,1,0,0,0,1,LP002152,test,
100.0,360.0,1.0,6065.0,0,1,1,0,0,1,0,0,0,1,1,0,1,0,0,LP002165,test,
55.0,360.0,1.0,2362.0,1,0,1,0,1,0,0,0,1,0,1,0,0,0,1,LP002167,test,
200.0,360.0,0.0,7733.0,0,1,1,0,1,0,0,0,1,0,1,0,1,0,0,LP002168,test,
150.0,360.0,1.0,5384.0,0,1,0,1,0,0,0,1,1,0,0,1,0,1,0,LP002172,test,
150.0,360.0,1.0,5708.0,0,1,1,0,1,0,0,0,1,0,1,0,1,0,0,LP002176,test,
118.0,360.0,1.0,7473.0,0,1,0,1,1,0,0,0,0,1,1,0,1,0,0,LP002183,test,
150.0,300.0,1.0,5044.0,0,1,0,1,1,0,0,0,0,1,1,0,0,0,1,LP002184,test,
118.0,36.0,1.0,5205.0,0,1,0,1,1,0,0,0,0,1,1,0,0,1,0,LP002186,test,
212.0,360.0,1.0,10013.0,0,1,0,1,1,0,0,0,1,0,1,0,1,0,0,LP002192,test,
212.0,360.0,1.0,6655.0,0,1,0,1,0,1,0,0,1,0,0,1,1,0,0,LP002195,test,
125.0,360.0,1.0,5886.0,0,1,0,1,0,1,0,0,1,0,1,0,0,0,1,LP002208,test,
108.0,360.0,1.0,4332.0,0,1,0,1,1,0,0,0,1,0,1,0,0,0,1,LP002212,test,
149.0,360.0,1.0,5668.0,0,1,0,1,1,0,0,0,0,1,1,0,1,0,0,LP002240,test,
80.0,480.0,1.0,2896.0,0,1,0,1,0,0,1,0,0,1,1,0,0,0,1,LP002245,test,
152.0,300.0,1.0,5062.0,1,0,1,0,0,1,0,0,1,0,1,0,1,0,0,LP002253,test,
187.0,360.0,0.0,5184.0,1,0,1,0,0,0,1,0,1,0,0,1,0,1,0,LP002256,test,
74.0,360.0,1.0,2545.0,1,0,1,0,1,0,0,0,1,0,1,0,0,0,1,LP002257,test,
102.0,360.0,1.0,4321.0,0,1,0,1,1,0,0,0,1,0,1,0,0,0,1,LP002264,test,
100.0,360.0,1.0,7245.0,0,1,0,1,0,1,0,0,1,0,1,0,1,0,0,LP002270,test,
130.0,360.0,1.0,5167.0,0,1,1,0,1,0,0,0,1,0,1,0,1,0,0,LP002279,test,
125.0,360.0,0.0,5180.0,0,1,0,1,0,0,0,1,0,1,1,0,0,0,1,LP002286,test,
130.0,360.0,1.0,29418.0,0,1,1,0,1,0,0,0,1,0,1,0,0,1,0,LP002294,test,
138.0,360.0,1.0,5848.0,0,1,1,0,1,0,0,0,1,0,0,1,0,0,1,LP002298,test,
28.0,180.0,1.0,2767.0,0,1,0,1,1,0,0,0,1,0,1,0,1,0,0,LP002306,test,
92.0,360.0,1.0,7600.0,1,0,1,0,0,1,0,0,1,0,1,0,0,1,0,LP002310,test,
104.0,360.0,1.0,3945.0,1,0,0,1,1,0,0,0,1,0,1,0,0,0,1,LP002311,test,
176.0,360.0,0.0,5005.0,0,1,1,0,1,0,0,0,1,0,1,0,0,0,1,LP002316,test,
117.0,360.0,0.0,7485.0,1,0,1,0,1,0,0,0,1,0,1,0,0,1,0,LP002321,test,
102.0,360.0,1.0,20149.0,0,1,0,1,0,0,1,0,0,1,1,0,1,0,0,LP002325,test,
107.0,360.0,1.0,3623.0,0,1,0,1,0,0,1,0,0,1,1,0,0,1,0,LP002326,test,
66.0,480.0,1.0,4333.0,0,1,1,0,1,0,0,0,1,0,1,0,0,0,1,LP002329,test,
105.0,360.0,1.0,3844.0,0,1,1,0,1,0,0,0,0,1,1,0,0,0,1,LP002333,test,
105.0,360.0,0.0,5404.0,0,1,0,1,1,0,0,0,1,0,1,0,0,1,0,LP002339,test,
105.0,360.0,1.0,4338.0,0,1,0,1,1,0,0,0,1,0,1,0,0,1,0,LP002344,test,
125.0,360.0,0.0,4243.0,0,1,0,1,1,0,0,0,1,0,1,0,1,0,0,LP002346,test,
64.0,360.0,1.0,2107.0,1,0,1,0,1,0,0,0,0,1,1,0,0,1,0,LP002354,test,
150.0,180.0,0.0,6331.0,0,1,0,1,1,0,0,0,1,0,1,0,0,1,0,LP002355,test,
150.0,360.0,1.0,7166.0,0,1,0,1,0,0,1,0,1,0,0,1,0,0,1,LP002358,test,
132.0,360.0,1.0,10000.0,0,1,0,1,1,0,0,0,1,0,1,0,0,0,1,LP002360,test,
64.0,360.0,1.0,3943.0,0,1,0,1,1,0,0,0,0,1,0,1,0,1,0,LP002375,test,
40.0,180.0,1.0,2925.0,0,1,1,0,1,0,0,0,1,0,1,0,1,0,0,LP002376,test,
142.0,480.0,0.0,3679.0,0,1,0,1,0,0,0,1,1,0,1,0,0,0,1,LP002383,test,
70.0,300.0,1.0,3863.0,0,1,0,1,1,0,0,0,1,0,1,0,0,1,0,LP002385,test,
131.0,360.0,1.0,4028.0,1,0,1,0,0,1,0,0,1,0,1,0,0,1,0,LP002389,test,
120.0,360.0,1.0,5035.0,0,1,0,1,0,0,1,0,1,0,1,0,0,0,1,LP002394,test,
114.0,360.0,1.0,5304.0,1,0,0,1,0,1,0,0,1,0,1,0,0,0,1,LP002397,test,
123.0,360.0,0.0,2858.0,0,1,1,0,1,0,0,0,1,0,1,0,1,0,0,LP002399,test,
92.0,360.0,1.0,3833.0,1,0,0,1,1,0,0,0,1,0,1,0,1,0,0,LP002400,test,
160.0,360.0,1.0,7621.0,0,1,0,1,1,0,0,0,1,0,1,0,0,0,1,LP002402,test,
151.0,360.0,1.0,6732.0,0,1,0,1,1,0,0,0,1,0,1,0,1,0,0,LP002412,test,
81.0,360.0,1.0,6433.0,1,0,1,0,0,1,0,0,1,0,1,0,1,0,0,LP002415,test,
171.0,360.0,1.0,5411.0,0,1,0,1,0,0,0,1,0,1,1,0,0,1,0,LP002417,test,
110.0,360.0,1.0,4532.0,0,1,0,1,1,0,0,0,1,0,1,0,0,1,0,LP002420,test,
100.0,360.0,1.0,4155.0,0,1,1,0,1,0,0,0,1,0,1,0,1,0,0,LP002425,test,
234.0,360.0,1.0,18840.0,0,1,0,1,0,1,0,0,1,0,1,0,1,0,0,LP002433,test,
184.0,360.0,1.0,4115.0,0,1,0,1,0,0,1,0,1,0,1,0,1,0,0,LP002440,test,
138.0,360.0,1.0,6887.0,0,1,1,0,1,0,0,0,1,0,1,0,0,1,0,LP002441,test,
112.0,480.0,0.0,5235.0,1,0,0,1,0,1,0,0,0,1,1,0,0,0,1,LP002442,test,
117.0,360.0,1.0,7429.0,1,0,1,0,0,1,0,0,0,1,1,0,1,0,0,LP002445,test,
49.0,360.0,0.0,6583.0,0,1,0,1,0,0,1,0,1,0,1,0,1,0,0,LP002450,test,
99.0,360.0,1.0,3508.0,0,1,1,0,1,0,0,0,1,0,1,0,1,0,0,LP002471,test,
99.0,360.0,1.0,4079.0,1,0,0,1,0,0,0,1,0,1,1,0,0,0,1,LP002476,test,
212.0,360.0,1.0,7249.0,1,0,1,0,1,0,0,0,1,0,0,1,1,0,0,LP002482,test,
240.0,360.0,1.0,24797.0,0,1,1,0,0,1,0,0,1,0,1,0,0,1,0,LP002485,test,
130.0,360.0,0.0,6107.0,0,1,0,1,0,0,1,0,1,0,1,0,0,1,0,LP002495,test,
94.0,360.0,0.0,3500.0,1,0,1,0,1,0,0,0,1,0,1,0,0,1,0,LP002496,test,
108.0,360.0,1.0,4270.0,0,1,0,1,0,0,0,1,1,0,1,0,0,1,0,LP002523,test,
144.0,360.0,1.0,6500.0,0,1,0,1,1,0,0,0,1,0,1,0,0,0,1,LP002542,test,
110.0,180.0,1.0,5769.0,1,0,1,0,1,0,0,0,1,0,1,0,0,1,0,LP002550,test,
176.0,360.0,0.0,4544.0,0,1,0,1,0,0,0,1,0,1,1,0,0,1,0,LP002551,test,
185.0,360.0,1.0,29167.0,0,1,1,0,1,0,0,0,1,0,1,0,0,1,0,LP002553,test,
122.0,360.0,1.0,4223.0,0,1,1,0,1,0,0,0,1,0,1,0,0,1,0,LP002554,test,
126.0,360.0,1.0,5000.0,0,1,0,1,1,0,0,0,1,0,1,0,1,0,0,LP002561,test,
135.0,360.0,1.0,5530.0,1,0,1,0,1,0,0,0,1,0,1,0,0,0,1,LP002566,test,
122.0,360.0,1.0,9000.0,0,1,1,0,1,0,0,0,0,1,1,0,1,0,0,LP002568,test,
460.0,360.0,1.0,21666.0,1,0,0,1,0,0,1,0,1,0,1,0,0,0,1,LP002570,test,
297.0,360.0,1.0,8750.0,0,1,0,1,0,1,0,0,1,0,1,0,0,0,1,LP002572,test,
140.0,360.0,1.0,4887.0,0,1,0,1,1,0,0,0,0,1,1,0,1,0,0,LP002581,test,
106.0,360.0,1.0,6319.0,0,1,1,0,1,0,0,0,1,0,1,0,1,0,0,LP002584,test,
141.0,360.0,1.0,4983.0,0,1,1,0,1,0,0,0,1,0,1,0,0,0,1,LP002592,test,
132.0,360.0,1.0,12333.0,0,1,0,1,0,1,0,0,1,0,1,0,0,0,1,LP002593,test,
170.0,360.0,1.0,5667.0,0,1,0,1,1,0,0,0,1,0,1,0,0,1,0,LP002599,test,
145.0,360.0,1.0,5999.0,0,1,0,1,0,0,1,0,1,0,1,0,0,0,1,LP002604,test,
90.0,360.0,1.0,3271.0,0,1,1,0,1,0,0,0,0,1,1,0,1,0,0,LP002605,test,
88.0,360.0,0.0,4241.0,1,0,0,1,1,0,0,0,1,0,1,0,0,0,1,LP002609,test,
128.0,360.0,1.0,4357.0,0,1,0,1,0,1,0,0,0,1,1,0,0,0,1,LP002610,test,
84.0,480.0,1.0,2666.0,1,0,0,1,1,0,0,0,1,0,1,0,0,1,0,LP002612,test,
108.0,360.0,1.0,6478.0,0,1,1,0,1,0,0,0,1,0,1,0,0,1,0,LP002614,test,
83.0,360.0,1.0,3808.0,0,1,1,0,1,0,0,0,0,1,1,0,1,0,0,LP002630,test,
117.0,360.0,1.0,3729.0,1,0,0,1,0,0,1,0,0,1,1,0,0,1,0,LP002635,test,
128.0,360.0,1.0,4120.0,0,1,0,1,0,0,1,0,1,0,1,0,1,0,0,LP002639,test,
75.0,360.0,1.0,7500.0,0,1,0,1,0,1,0,0,1,0,0,1,0,0,1,LP002644,test,
125.0,360.0,0.0,6300.0,0,1,0,1,0,1,0,0,1,0,1,0,0,0,1,LP002651,test,
177.0,360.0,1.0,14987.0,1,0,1,0,1,0,0,0,1,0,0,1,1,0,0,LP002654,test,
68.0,360.0,1.0,2695.0,0,1,0,1,0,1,0,0,0,1,0,1,1,0,0,LP002657,test,
96.0,360.0,1.0,3300.0,0,1,0,1,1,0,0,0,1,0,1,0,0,1,0,LP002711,test,
180.0,360.0,1.0,3816.0,0,1,1,0,0,0,1,0,0,1,1,0,0,1,0,LP002712,test,
183.0,360.0,1.0,7500.0,0,1,0,1,0,0,1,0,1,0,0,1,1,0,0,LP002721,test,
121.0,360.0,1.0,3859.0,0,1,0,1,0,0,1,0,0,1,1,0,1,0,0,LP002735,test,
162.0,360.0,1.0,6825.0,0,1,0,1,0,1,0,0,1,0,1,0,1,0,0,LP002744,test,
132.0,360.0,1.0,8408.0,0,1,0,1,1,0,0,0,1,0,1,0,0,1,0,LP002745,test,
147.0,360.0,1.0,5314.0,0,1,1,0,1,0,0,0,1,0,1,0,0,0,1,LP002746,test,
153.0,360.0,0.0,7638.0,1,0,1,0,0,0,0,1,1,0,1,0,1,0,0,LP002747,test,
104.0,84.0,1.0,4174.0,0,1,1,0,1,0,0,0,1,0,1,0,0,0,1,LP002754,test,
149.0,360.0,1.0,5000.0,0,1,0,1,0,0,1,0,1,0,1,0,1,0,0,LP002759,test,
134.0,300.0,1.0,3767.0,1,0,1,0,1,0,0,0,1,0,1,0,0,0,1,LP002760,test,
165.0,180.0,1.0,8738.0,1,0,0,1,1,0,0,0,1,0,1,0,0,1,0,LP002766,test,
120.0,360.0,1.0,4283.0,1,0,0,1,1,0,0,0,1,0,1,0,1,0,0,LP002769,test,
67.0,360.0,0.0,4600.0,0,1,0,1,1,0,0,0,0,1,1,0,0,0,1,LP002774,test,
125.0,360.0,1.0,4768.0,0,1,1,0,1,0,0,0,0,1,1,0,1,0,0,LP002775,test,
120.0,360.0,1.0,5821.0,0,1,1,0,1,0,0,0,1,0,1,0,0,0,1,LP002781,test,
148.0,360.0,1.0,4209.0,0,1,0,1,0,1,0,0,1,0,1,0,1,0,0,LP002782,test,
181.0,360.0,1.0,3409.0,1,0,0,1,1,0,0,0,0,1,1,0,0,0,1,LP002786,test,
80.0,120.0,1.0,3400.0,0,1,0,1,0,0,0,1,1,0,1,0,0,0,1,LP002790,test,
40.0,360.0,1.0,21000.0,0,1,1,0,0,1,0,0,1,0,1,0,0,1,0,LP002791,test,
90.0,360.0,1.0,5333.0,0,1,0,1,1,0,0,0,1,0,1,0,1,0,0,LP002793,test,
95.0,6.0,0.0,5291.0,0,1,1,0,1,0,0,0,1,0,1,0,0,1,0,LP002802,test,
122.0,360.0,1.0,3218.0,0,1,0,1,0,1,0,0,0,1,1,0,0,1,0,LP002803,test,
150.0,360.0,1.0,5741.0,0,1,0,1,0,0,1,0,1,0,1,0,0,0,1,LP002805,test,
150.0,360.0,1.0,8369.0,0,1,0,1,0,0,0,1,1,0,0,1,1,0,0,LP002806,test,
104.0,360.0,1.0,5158.0,0,1,0,1,0,1,0,0,1,0,1,0,0,1,0,LP002816,test,
143.0,360.0,1.0,5509.0,0,1,0,1,1,0,0,0,1,0,1,0,1,0,0,LP002823,test,
300.0,360.0,1.0,9699.0,0,1,0,1,0,0,0,1,1,0,1,0,0,0,1,LP002825,test,
171.0,360.0,1.0,6338.0,1,0,0,1,0,1,0,0,0,1,1,0,0,0,1,LP002826,test,
113.0,360.0,1.0,4709.0,1,0,0,1,1,0,0,0,1,0,1,0,0,1,0,LP002843,test,
35.0,360.0,1.0,3467.0,0,1,0,1,1,0,0,0,1,0,1,0,0,1,0,LP002849,test,
46.0,360.0,1.0,2400.0,0,1,1,0,0,0,1,0,1,0,1,0,0,0,1,LP002850,test,
145.0,360.0,1.0,5015.0,1,0,1,0,1,0,0,0,0,1,1,0,0,0,1,LP002853,test,
119.0,360.0,1.0,3850.0,0,1,0,1,1,0,0,0,1,0,1,0,0,0,1,LP002856,test,
87.0,240.0,1.0,5715.0,0,1,0,1,0,1,0,0,1,0,0,1,1,0,0,LP002857,test,
162.0,360.0,0.0,6666.0,1,0,1,0,1,0,0,0,1,0,1,0,1,0,0,LP002858,test,
122.0,180.0,1.0,7454.0,0,1,0,1,1,0,0,0,1,0,0,1,0,1,0,LP002860,test,
187.0,360.0,1.0,8247.0,0,1,1,0,1,0,0,0,1,0,0,1,1,0,0,LP002867,test,
81.0,180.0,1.0,3522.0,0,1,0,1,0,0,0,1,0,1,1,0,1,0,0,LP002869,test,
80.0,360.0,1.0,4700.0,0,1,0,1,0,1,0,0,1,0,1,0,0,0,1,LP002870,test,
176.0,360.0,1.0,6858.0,0,1,1,0,1,0,0,0,1,0,1,0,1,0,0,LP002876,test,
260.0,360.0,1.0,8334.0,0,1,0,1,0,0,0,1,1,0,1,0,0,0,1,LP002878,test,
133.0,360.0,0.0,5357.0,0,1,0,1,1,0,0,0,1,0,1,0,1,0,0,LP002879,test,
70.0,360.0,1.0,2868.0,0,1,1,0,1,0,0,0,0,1,1,0,0,0,1,LP002885,test,
135.0,360.0,1.0,4798.0,0,1,0,1,0,0,1,0,0,1,1,0,0,0,1,LP002890,test,
137.0,300.0,1.0,2796.0,0,1,0,1,1,0,0,0,1,0,0,1,1,0,0,LP002891,test,
254.0,360.0,1.0,8667.0,0,1,0,1,0,0,1,0,1,0,1,0,1,0,0,LP002899,test,
106.0,360.0,1.0,17283.0,0,1,1,0,1,0,0,0,1,0,1,0,1,0,0,LP002901,test,
109.0,360.0,1.0,6727.0,0,1,0,1,1,0,0,0,1,0,1,0,0,0,1,LP002907,test,
120.0,360.0,1.0,8888.0,0,1,0,1,1,0,0,0,1,0,1,0,1,0,0,LP002920,test,
158.0,180.0,0.0,5503.0,0,1,0,1,0,0,0,1,0,1,1,0,0,1,0,LP002921,test,
197.0,360.0,1.0,8816.0,0,1,0,1,0,0,0,1,1,0,1,0,0,0,1,LP002932,test,
85.0,360.0,1.0,5727.0,0,1,0,1,0,1,0,0,1,0,1,0,0,0,1,LP002935,test,
60.0,360.0,1.0,2500.0,0,1,1,0,1,0,0,0,1,0,1,0,0,0,1,LP002952,test,
76.0,360.0,1.0,3132.0,0,1,0,1,0,0,1,0,0,1,1,0,1,0,0,LP002954,test,
152.0,360.0,1.0,6667.0,0,1,1,0,1,0,0,0,1,0,1,0,0,1,0,LP002962,test,
96.0,360.0,1.0,12805.0,1,0,0,1,1,0,0,0,1,0,1,0,0,0,1,LP002965,test,
99.0,360.0,1.0,4436.0,0,1,0,1,0,1,0,0,1,0,1,0,0,1,0,LP002969,test,
113.0,360.0,1.0,5786.0,0,1,0,1,0,0,0,1,0,1,0,1,0,0,1,LP002971,test,
115.0,360.0,1.0,4867.0,0,1,0,1,1,0,0,0,1,0,1,0,0,0,1,LP002975,test,
126.0,360.0,1.0,5243.0,0,1,1,0,1,0,0,0,1,0,1,0,0,1,0,LP002980,test,
158.0,360.0,1.0,7393.0,0,1,0,1,1,0,0,0,1,0,1,0,1,0,0,LP002986,test,
98.0,180.0,1.0,9200.0,0,1,1,0,1,0,0,0,1,0,0,1,1,0,0,LP002989,test,
